epoch,mse,captured_start_zero_energy,gradient_norm,gain_min,gain_max,elapsed_seconds
0,0.05092815099681837,0.053124790228318175,0.0003359415336140272,10.000000000000002,10.000000000000002,4.054996083024889
1,0.05091528347462812,0.054422140588597685,0.0003363369037540156,9.900533368951416,10.100163529657037,8.381669042049907
2,0.05090227634930014,0.05573356624467641,0.00033816070097602067,9.803215143643188,10.201307067458218,11.465602208045311
3,0.050889111298754924,0.057060914495210384,0.0003408569239036404,9.706965380493305,10.30341503066421,14.483059208025225
4,0.05087582035724743,0.0584009555301713,0.0003437046890067852,9.612443784076858,10.4064627970179,17.49710441706702
5,0.05086241902598933,0.05975212646105159,0.0003465833598418142,9.519892083312039,10.510416086924067,20.538618082995526
6,0.050848897784125185,0.06111538721510448,0.0003495474069397098,9.429556671752186,10.616077479729576,23.513872375013307
7,0.050835234271397245,0.062492992234795854,0.0003526290432278697,9.341681142261509,10.723453590783443,26.692693541990593
8,0.05082141643697554,0.06388615652860727,0.0003557626778137835,9.252034683613031,10.832372080667636,29.637762833037414
9,0.0508074526128956,0.06529404003043021,0.0003588540863233922,9.161834746048806,10.942906438051262,32.553355875075795
10,0.050793365125068005,0.06671439176080543,0.00036188564690943964,9.072269264938402,11.05512824423439,35.448229625006206
11,0.050779178142635745,0.06814477489888301,0.00036498620360983774,8.983314833876898,11.169107198938875,38.44092687498778
12,0.050764903224750135,0.06958402400901004,0.00036843540115082856,8.894950067070024,11.284911117302281,41.46158112504054
13,0.05075052437072353,0.07103375233867668,0.00037255376595360504,8.80715559740961,11.402605777444457,44.32883745804429
14,0.0507359960995971,0.07249854544347505,0.00037750750324223723,8.719914038257075,11.522254732280702,47.213709875009954
15,0.050721269777344924,0.0739833067826807,0.00038323731629543963,8.633209789111927,11.64391922369443,50.07974562502932
16,0.05070632918253448,0.07548967186008507,0.0003896283015132295,8.547028723619453,11.767658274093186,52.94569004199002
17,0.050691200153045894,0.07701503560669451,0.000396675649638253,8.461357903444163,11.893528922764162,55.84330133302137
18,0.05067593255198369,0.07855437064305971,0.0004044389942207569,8.376185436860954,12.02158652527508,58.704186958028004
19,0.05066057424679844,0.08010285079881647,0.0004128795893695739,8.291500543878563,12.15188505734035,61.64984974998515
20,0.05064515161704265,0.08165781639159347,0.0004217541921596295,8.20729385340935,12.284477393043167,64.48202400002629
21,0.05062966230665758,0.08321950496779677,0.0004306397341815755,8.123557922421336,12.41941553653588,67.31883950007614
22,0.050614080284726366,0.08479054105908579,0.0004390524660141018,8.04028791063322,12.556750792474853,70.10171100008301
23,0.05059836900218361,0.0863746096750888,0.00044657999423969297,7.957482275815543,12.696533879192955,72.9329144579824
24,0.05058249590091144,0.08797499344359778,0.0004529685579858239,7.875143314913334,12.83881501423796,75.85630258300807
25,0.05056644213264472,0.08959359271521665,0.0004581546617028898,7.7932774011823955,12.983644011878566,78.664166499977
26,0.050550204536709206,0.09123072616061086,0.00046225695692672707,7.711894844192252,13.131070416621611,81.37033008306753
27,0.050533790550639404,0.0928856439005171,0.0004655449063343499,7.6310093735698885,13.281143676614333,84.14230808301363
28,0.05051720906763793,0.09455744928992083,0.00046838895924996784,7.550637281289737,13.43391336190056,86.9600071250461
29,0.05050046129581466,0.0962460205227929,0.00047118991682180907,7.470796263881751,13.59270486686214,89.67515587504022
30,0.05048353588752411,0.09795250170999925,0.0004742956705655564,7.391504026097727,13.759438609603054,92.40108033304568
31,0.050466411253036476,0.09967906960657731,0.00047793539620548956,7.312776771492274,13.930116947684656,95.12671816698276
32,0.05044906411726678,0.10142807089119803,0.000482204202091648,7.234627798709308,14.104842009909216,97.8388683750527
33,0.05043147885734044,0.10320108071886638,0.00048709538505692406,7.157066474605791,14.283734346379225,100.5405220000539
34,0.050413651456825165,0.10499850404088415,0.0004925386015098518,7.080097795851176,14.466931178212795,103.31504087499343
35,0.05039558636939796,0.10681989182134755,0.0004984122186226648,7.003722595199906,14.6545814684683,106.10209779208526
36,0.05037728968406161,0.10866463014486283,0.0005045407303572382,6.927938285916629,14.84683903823143,108.91285616706591
37,0.050358763386280335,0.1105325188297099,0.0005107061613401362,6.852739933748718,15.043855266420444,111.96687354205642
38,0.050340003440031464,0.11242396480236501,0.00051668296730214,6.7781214095147675,15.24577271479514,114.83217545808293
39,0.05032100148602858,0.1143398108764704,0.0005222815529321166,6.70407639299147,15.452720541975514,117.60786604206078
40,0.05030174818591712,0.1162809985788783,0.0005273808559266586,6.630599057393791,15.664812010317183,120.36488158302382
41,0.05028223612059764,0.11824827593016309,0.0005319409713077113,6.557684346765673,15.882143902710187,123.06880500004627
42,0.05026246103711203,0.12024207172901943,0.0005359972890365761,6.485327842511722,16.104797352062253,125.84723775007296
43,0.05024242131521328,0.12226254933464145,0.000539641729484106,6.41352528047521,16.332839453982277,128.619284083019
44,0.050222116321137475,0.12430977264541088,0.0005429969246691211,6.340464216791061,16.56632501826537,131.41937166708522
45,0.05020154465231638,0.1263838830733548,0.0005461888637550318,6.2593508061432965,16.805297839413093,134.20180866704322
46,0.05018070312209984,0.1284852019081263,0.0005493231733942777,6.178281958712273,17.049790890580663,136.99801916698925
47,0.05015958681537047,0.1306142247097248,0.0005524690203882453,6.097286007790074,17.299824874849133,139.78450650000013
48,0.05013818996179965,0.13277153326365862,0.0005556523218395746,6.0163890944861045,17.55540462567507,142.57862516702153
49,0.05011650705560036,0.13495768268338648,0.0005588574858270605,5.935615149802439,17.816512936279228,145.378499708022
50,0.05009453373293585,0.13717311294679402,0.0005620356398005084,5.854986466073267,18.083101477983217,148.1526576250326
51,0.0500722672354198,0.13941810216441508,0.0005651176125584573,5.774524698833143,18.35507848346597,150.9979656250216
52,0.05004970653733494,0.1416927537527938,0.0005680309564276263,5.694252117572027,18.632292790019314,153.78679466701578
53,0.0500268522104232,0.14399701006683036,0.0005707207391831179,5.6141929485546225,18.914513687018957,156.57677441707347
54,0.05000370589269311,0.1463307059565516,0.0005731724873641519,5.5343747034853905,19.201405887715108,159.38431512506213
55,0.04998026906535777,0.14869369208066757,0.000575431612653863,5.454829432938151,19.492498998872396,162.16353312507272
56,0.049956541091725766,0.15108603263272108,0.000577608078010996,5.375594855081401,19.78715124725247,165.07459562504664
57,0.04993251738734979,0.1535081898333547,0.0005798545308440163,5.296715275892137,20.084507981709383,167.87837945797946
58,0.04990818965245656,0.15596100049587913,0.0005823199856315604,5.218242151851976,20.38345633894538,170.6688035420375
59,0.049883549522423395,0.158445307971959,0.0005851035563388192,5.14023410093179,20.682577739488234,173.37827629200183
60,0.04985859358461093,0.16096145633629996,0.0005882319492417562,5.062756215312084,20.980098776985272,176.07279554207344
61,0.04983332452063533,0.163509175218612,0.0005916490759276749,4.985878709867875,21.2738387336595,178.75727816706058
62,0.049807745543684,0.1660881406536619,0.0005951917440034571,4.909675208364673,21.570103017042847,181.44171375001315
63,0.04978185240076721,0.16869878144333317,0.0005985700311972288,4.834221227168793,21.948356826848098,184.1348412920488
64,0.04975563084267341,0.1713425342449301,0.0006014104162927372,4.759593587489856,22.33551973231266,186.83773787505925
65,0.049729062673951385,0.17402123358998411,0.0006033905412548146,4.68587148804051,22.731639980996487,189.52928445802536
66,0.04970213462740018,0.17673621712592083,0.0006044235922166974,4.613139642735847,23.136756732206994,192.24295137508307
67,0.04967484019794914,0.1794881407176101,0.0006047778767595648,4.541493072455934,23.550893218898697,194.93973737501074
68,0.049647171191834344,0.18227783049011426,0.0006049839217894498,4.471042050836363,23.97404707015316,197.61179595801514
69,0.04961911048163149,0.18510701329260865,0.0006055266264564086,4.40191535291664,24.406180946015397,200.36727445805445
70,0.04959064160789495,0.18797734862623233,0.000606618779737643,4.334260735066484,24.847217600962555,203.1537420420209
71,0.049561766084553455,0.190888683851186,0.0006082427169292408,4.268242060380529,25.297042391860565,205.89781858306378
72,0.04953250044269324,0.19383935224326598,0.0006101446521903948,4.204032688009587,25.755512735382634,208.68617333308794
73,0.049502856081684136,0.19682820447657043,0.0006117068585838736,4.14180573530799,26.23424722605249,211.42286062508356
74,0.04947283465446374,0.19985507389592147,0.0006122341727391055,4.08172299927547,26.74087407670058,214.0971998750465
75,0.049442441391523546,0.20291943314415425,0.0006116936613083932,4.023924607347507,27.261070031224744,216.83542075008154
76,0.04941168134605839,0.20602077273979735,0.0006109218313249829,3.96852054002693,27.795201478440102,219.61864658305421
77,0.0493805376349271,0.2091607949025132,0.0006107426478254881,3.9155837481520157,28.343640746673966,222.39447108306922
78,0.04934897896953083,0.21234265426257032,0.0006113404308047375,3.8651439684789546,28.90676076715447,225.18250704207458
79,0.0493169859334928,0.2155683084496548,0.0006125648525592103,3.8171824159706964,29.48493244899705,227.9548947920557
80,0.04928454445271835,0.2188391764651478,0.0006137072521508689,3.771629654714409,30.07852470817954,230.74035991705023
81,0.04925164255429985,0.22215646546111853,0.0006136682633208863,3.728369578262652,30.68790594521782,233.52472375007346
82,0.04921829463489946,0.22551872391375571,0.000612566077867408,3.687250055504241,31.31344477054493,236.30626974999905
83,0.04918453000557696,0.22892299657546888,0.0006116220500251684,3.648097799036563,31.95550846584583,239.0447093329858
84,0.049150368955249754,0.2323672378438547,0.0006113492724098284,3.6107341993843542,32.61446039952059,241.72406579204835
85,0.049115836064325194,0.2358489694328953,0.0006116417762883412,3.574989865718043,33.29065829003051,244.72237633308396
86,0.049080948883259645,0.23936642184178442,0.0006117109650884629,3.540716756809576,33.984453026551364,247.67074108298402
87,0.049045711471239054,0.24291918580864005,0.0006104240628743209,3.5077969591197893,34.696185145668025,250.4541245000437
88,0.04901013766030031,0.24650586673722377,0.0006084116396964423,3.4761468432525477,35.426174878681955,253.23215449997224
89,0.04897423770325079,0.2501254309022275,0.0006068594144921969,3.4457156860326825,36.1747057619773,256.0042042500572
90,0.048938023364376464,0.25377669218557636,0.0006059595027882002,3.4164791472399747,36.94200873176494,258.79805191699415
91,0.048901520908160176,0.2574570025066399,0.0006051645618485717,3.3884294753487016,37.72825163513255,261.5692573330598
92,0.04886475995178881,0.2611633757529789,0.0006033212906162447,3.361564778113142,38.53352887085345,264.344925582991
93,0.048827752918858186,0.2648945593325029,0.0006007891205487533,3.3358795987613905,39.35782715462729,267.12254154204857
94,0.048790507416818354,0.26864978623444546,0.0005987579464500661,3.2924887576731146,40.200988336454955,269.9145763750421
95,0.04875302903883916,0.272428492535092,0.0005973466232329582,3.24920663697194,41.06264285740957,272.6993026250275
96,0.0487153399427664,0.2762284441998849,0.000595697969247407,3.207562408890647,41.94214230907311,275.4707173750503
97,0.04867741447084347,0.2800522281371119,0.0005927701326713728,3.1675611006565387,42.83849331790369,278.27225454198197
98,0.04863917792953855,0.28390737522015896,0.0005898445279570585,3.129209178461354,43.750286928036275,281.0450032920344
99,0.04860051700949779,0.28780530970995744,0.0005877157148569345,3.092522815960962,44.675553389919386,283.83773691707756
100,0.04856134281787006,0.291754994106881,0.0005857414504880002,3.0575114574827746,45.61150401479646,286.7167482500663
101,0.048521619964745924,0.29575999655024,0.0005823821941321482,3.0241690327432638,46.554249064197364,289.61743187508546
102,0.048481430415430696,0.29981205300001196,0.0005787926846261076,2.9924648159583183,47.49839765752105,292.45506391697563
103,0.04844093964779323,0.3038944793759513,0.0005758143046607323,2.962337058111695,48.43648590916802,295.2878806249937
104,0.04840017773076656,0.3080042440189304,0.00057345524020329,2.933722210181438,49.35866737292651,298.12203387508634
105,0.04835891979974055,0.3121640185963188,0.0005700318391803936,2.9065586415585005,50.252168358504704,301.09994491701946
106,0.04831696872094299,0.31639367885160685,0.0005663140318463923,2.880794145063032,51.10098894413796,304.21526391699445
107,0.04827421527985277,0.3207042361898034,0.0005633862780082669,2.8563726780083187,51.88585169984853,307.15669366705697
108,0.04823060606528116,0.3251010757211048,0.0005603140659533194,2.833223631489902,52.58512499087241,310.0585012920201
109,0.04818606342556013,0.32959202656894293,0.0005570106686296657,2.8112701177133554,53.17742010666011,312.91473879199475
110,0.048140356184504955,0.33420039675658086,0.000554007460404983,2.790430990434789,53.64445177997692,315.7565722920699
111,0.04809310249318094,0.33896468568162386,0.0005519800759235086,2.7706375585257406,54.65993998574963,318.55837183305994
112,0.0480439325404151,0.34392217905078465,0.0005502569150829953,2.7518265475678447,55.96842192444593,321.34716416697484
113,0.04799253019929087,0.34910474992890345,0.000548218556379853,2.7339294030862376,57.31401638130468,324.1779498750111
114,0.04793859280528889,0.3545429140529976,0.0005491341793533575,2.7168845136346746,58.6978397138416,326.8959986669943
115,0.047881914946090204,0.3602573818397337,0.0005510125875359047,2.7006355800190196,60.12104455431358,329.96154683304485
116,0.047822542584239604,0.36624351917827214,0.0005535247417522539,2.6851322285605566,61.584824878228616,332.84967533301096
117,0.047760903208540796,0.37245822509351434,0.0005608626455052688,2.670319984117481,63.09041493149154,335.86451112502255
118,0.0476974552041471,0.37885528352808634,0.0006367389820266616,2.6561688032819677,64.63911981679647,338.71917162497994
119,0.04763601068970372,0.38505034282324196,0.0012130194503292295,2.6425693860663753,66.23224603750114,341.63395141705405
120,0.04756526131238856,0.39218355221602846,0.0009445330952775501,2.629631600866421,67.87125119688518,344.6282735830173
121,0.04749512438095846,0.3992550125884606,0.0009112321369424824,2.6171624586090263,69.55752350213247,347.52638862503227
122,0.04742504948389167,0.40632021843089106,0.0016199036445123823,2.6050755740756806,71.29252866662281,350.33660145802423
123,0.047346115898706714,0.41427858941046103,0.0006461144891093384,2.593466246085926,73.07778596601536,353.1294041670626
124,0.0472736037990265,0.4215895228795352,0.0014958539756826455,2.582255571785487,74.91486117658116,355.91904845798854
125,0.04719409389687894,0.42960600023017054,0.0007839915901748427,2.571384951821789,76.80533691512407,358.84512499999255
126,0.04711750827412983,0.43732764110218525,0.0011568267791907667,2.5609295270445025,78.75063489798463,361.79485591698904
127,0.04704592459794321,0.44454496753984385,0.0013342976691855097,2.550846188114409,80.75225245168838,364.9289680420188
128,0.04697139841400591,0.4520589683048538,0.0007062480766913777,2.5410158208898403,82.81170384062833,368.11670537502505
129,0.046908309711721434,0.45841980059472204,0.001008358830066958,2.531523917770358,84.9295159517644,370.93447216704953
130,0.046848079417293645,0.46449243781425187,0.001131337019191599,2.5224062295004286,87.10562278974056,373.7520679170266
131,0.04679008447383218,0.4703396988239232,0.0009118104497940873,2.513600737464467,89.33947689678976,376.6114330830751
132,0.04673475649451314,0.4759180668144197,0.0019357240408202645,2.505087341382276,91.62884370272181,379.45534662506543
133,0.046673241727153245,0.48212020926398536,0.0010959037101069761,2.4968971227457137,93.97068976536653,382.3319386250805
134,0.04661493181623347,0.4879992264377007,0.0008472482586138209,2.488961905009016,96.35790430588436,385.12895525002386
135,0.04656217678503351,0.4933181804462425,0.0010423202323123829,2.481288393194488,98.78408919284561,387.9258015420055
136,0.04651822155010377,0.49774990700782423,0.0020808066669425096,2.473863781454622,101.24052225053248,390.71367945801467
137,0.04648912770762658,0.5006832539616219,0.004165147674557132,2.4665849215905986,103.69309122896848,393.503261832986
138,0.046462270949225316,0.5033910499671516,0.00451652199318413,2.459538456618341,106.15726058980052,396.2842778749764
139,0.04642596799643338,0.5070512456277831,0.001414504019648577,2.4525965882261564,108.53137697981487,399.08251025003847
140,0.046406762653336216,0.5089875981296873,0.002154057871232273,2.44587831486529,110.88087368903858,401.8849711250514
141,0.04638634234762718,0.5110464475784731,0.003136950547536878,2.4393942930426804,113.19980391903484,404.67502495797817
142,0.04635805198890454,0.5138987843794983,0.000547844072297248,2.433066685529696,115.34583649310655,407.4709123329958
143,0.0463456170468009,0.51515252044303,0.003832761986867108,2.42692861043095,117.37666783456694,410.2578141670674
144,0.04632660927078064,0.5170689535140907,0.0033793442409274007,2.421001700705691,119.36045314858356,413.04795395804103
145,0.04630234181396099,0.5195156867221276,0.0006292551011322783,2.415221102565321,121.14170708330401,415.82354895805474
146,0.046291417424851364,0.5206171233419883,0.001903936163514005,2.4096262259630614,122.86044300574747,418.60633149999194
147,0.04627709657527735,0.5220610034519005,0.0021413750028325598,2.4042260366507433,124.56112549182764,421.3885308749741
148,0.04626309415002935,0.5234727788638014,0.0005848710690637309,2.3989790248384586,126.10809808552962,424.20011225005146
149,0.04625737654189717,0.5240492488990224,0.0026565240106369735,2.3938949434987373,127.54252842468897,426.9838107500691
150,0.0462439787019943,0.5254000678187771,0.0010807007392502881,2.3889901530761866,128.94831864386907,429.77319404203445
151,0.04623259855068934,0.5265474560398531,0.0010847917505107023,2.384233817456171,130.21076204022242,432.59290412499104
152,0.04622272950732585,0.5275424888654378,0.0015060779471739835,2.3796222832093252,131.34667348096136,435.3766456670128
153,0.04620903183415859,0.528923538064794,0.0004631556112332854,2.375168254719957,132.46546640100004,438.15149812505115
154,0.04620044187669606,0.5297896088004048,0.0019503915620741115,2.3708517411525056,133.51382101305123,440.93013987503946
155,0.04618858238474027,0.5309853258882858,0.0009477253543549172,2.366651930628621,134.4183074921639,443.73128312500194
156,0.046179338096330375,0.5319173686484839,0.0009932113294904635,2.362580493516009,135.28627387578777,446.5138725830475
157,0.04617245681505224,0.5326111644401971,0.0016185190428629035,2.358629514758698,136.11063976690306,449.3350557080703
158,0.046162827625718265,0.533582014310664,0.0003913198133429936,2.354777518968642,136.79220656461786,452.1689929170534
159,0.046156194779681865,0.5342507619582509,0.0011760851915899651,2.3510334813149734,137.41949292327192,454.9441523749847
160,0.04614697692636898,0.5351801394358773,0.0008790890059266581,2.3473991327188988,138.0320525761083,457.73679550003726
161,0.04613700504890118,0.5361855403696578,0.0006257764379941589,2.343859068079587,138.55404831762021,460.5439271670766
162,0.04612767062173444,0.5371266712469722,0.0011521267891205897,2.340412116130206,139.0016344079615,463.3353306669742
163,0.046116967315749345,0.5382058174625867,0.00018613553536104782,2.337064470312423,139.4448492596968,466.16202870802954
164,0.04610837213063169,0.5390724152693899,0.0010863394224574525,2.333409702121908,139.8426072948096,469.0284421669785
165,0.04609871449917008,0.540046132778551,0.0007428182033132306,2.310058253052974,140.16529745845986,472.0623182919808
166,0.0460892364170844,0.5410017474669742,0.00039975958888990046,2.2875971591410327,140.49083970807868,474.90276470803656
167,0.04608044443041174,0.5418881875219207,0.0011651050195094327,2.2659945779727164,140.81091605344562,477.7217053750064
168,0.04606986134469649,0.5429552126929323,0.00035493697765054063,2.245221447930921,141.07332281814058,480.5319908329984
169,0.04605965008964677,0.5439847485446522,0.0007112580225682321,2.225238659017277,141.3274483840714,483.342569542001
170,0.046048921854978775,0.5450664081606917,0.000980528114482043,2.185459858793311,141.58004328683413,486.1713076250162
171,0.04603670129306775,0.5462985296339387,0.00021349994552928467,2.1378257393303604,141.7751626624562,488.9743217920186
172,0.046024690534704704,0.5475094979508486,0.0006703599486532234,2.0926093966126453,143.1746693675214,491.8217923750635
173,0.04601211195753281,0.5487777158240709,0.0009888119494521484,2.0495669351986825,145.21325292242278,494.6184583749855
174,0.045998426485596586,0.5501575348509626,0.00021653131497688998,2.0084254316342856,146.9640933970788,497.37457833299413
175,0.04598499003953725,0.5515122461837445,0.0005566685844287414,1.9689905814862834,148.39509259778933,500.13223216705956
176,0.04597163212891785,0.5528590392879987,0.0010774520694615513,1.9310802757905285,149.47580722517569,502.9630911250133
177,0.04595754417812281,0.5542794376964344,0.0009527653421610609,1.8945019642409548,150.1661530587601,505.8352131670108
178,0.045943419628072135,0.5557035261748609,0.0005850776531275945,1.859172581476756,150.49054907564744,508.6442717500031
179,0.045929549694316646,0.557101943312884,0.00020279260692320782,1.8249657836697721,150.4472341856664,511.4479396250099
180,0.04591615581417372,0.5584523629952476,0.0005995046162330896,1.7918433761303718,150.0771963706373,514.2708615830634
181,0.04590310996903024,0.5597676925238704,0.0009413966781553443,1.7598079186651487,149.43714452389443,517.827653083019
182,0.045889928539992075,0.5610966921135989,0.001353279073069776,1.7288431943638112,148.57552764118543,520.6509964580182
183,0.04587633668115205,0.5624670727278511,0.0014452037930412396,1.699017233453582,147.59208542466058,523.4660024170298
184,0.04586143375939153,0.5639696394714219,0.001708388503984708,1.6702991942959617,146.55005880958674,526.288749624975
185,0.045844820496774394,0.5656446489971946,0.0016602351742164153,1.64275438769458,145.56201099887576,529.0826387500856
186,0.04582594040878318,0.567548208097024,0.0015694830390062474,1.6163291827718136,144.6865929050717,531.9027433330193
187,0.045805321522960435,0.5696270791147072,0.0011187883203287187,1.5910587214321028,143.99464214132092,534.6896406670567
188,0.045783216937477736,0.5718557437725805,0.0007854785824803474,1.5668809367944696,143.59687690347764,537.4227712500142
189,0.045760183687390855,0.5741780397715155,0.00025635355027114805,1.54378107240275,143.65642186582897,540.2208181250608
190,0.045736936778227225,0.5765218776552128,0.0003963547463276077,1.5216997824560528,143.70833405274414,543.0225727080833
191,0.04571398470289045,0.578835989320774,0.0007349755991723771,1.5005773321071458,143.74997649613957,545.8365432079881
192,0.045691343290576884,0.5811187788110851,0.0008917732141918694,1.4803609345655016,143.81348930207807,548.6412762920372
193,0.04566827925416201,0.5834441787995157,0.0008287341917355107,1.4609690071280623,143.85224198524452,551.4455774580128
194,0.04564393676556866,0.5858984769837158,0.0006289136589941759,1.4423464483688817,143.91355548568714,554.2521926250774
195,0.04561715143138717,0.5885990717397828,0.00038496380988750536,1.4244093464987206,143.95347629128602,557.0545854580123
196,0.045587421422736446,0.5915965592796417,0.0003301413550708722,1.4070920958998174,143.9969895559225,559.8692891669925
197,0.045554913743701825,0.594874101644354,0.0005661531620445593,1.390323173274431,144.04025352852037,562.6879480000352
198,0.04552069459654848,0.5983242004459316,0.0006535080262585625,1.3740350911392998,144.07253599968885,565.500032083015
199,0.04548737477245395,0.6016836262277064,0.0012252860446446616,1.3581803058323658,144.12733988407282,568.323146208073
200,0.04545804021670273,0.6046412427687781,0.0016147930267351486,1.3427025326226056,144.15511163346778,571.1533382920315
201,0.04543813052303219,0.6066486104557837,0.0030659081580725347,1.3275898522127898,144.23566734302386,574.0214615419973
202,0.04543050757731668,0.6074171835520007,0.004803835625820423,1.3127922498445281,144.23657711443062,576.8420689579798
203,0.045429387012835776,0.6075301629361841,0.006031059876906458,1.2983596778728863,144.37209120589276,579.8605613330146
204,0.045418834687276526,0.6085940867564558,0.004663095567301615,1.2842149464401509,144.32206962840897,582.7087404580088
205,0.04540211142028884,0.6102801873227299,0.00046856187728268404,1.2704351120284783,144.4164084234636,585.6014811249916
206,0.04540593519347211,0.6098946606110917,0.004600354433986567,1.2569904155078788,144.50917719450564,588.3988329999847
207,0.04539260882324853,0.61123827369799,0.003904669276789307,1.2438721541934468,144.42628886815953,591.1884808330797
208,0.04537530311902291,0.612983097703735,0.0014831192695275882,1.2311442209583412,144.4539228434247,593.9887542080833
209,0.045374650882884886,0.6130488585220294,0.004843156280585896,1.218786077281043,144.5250665361959,596.7684321670095
210,0.04535542694200559,0.6149870861199306,0.0029770571265645227,1.2067587466087555,144.4567457171595,599.5600289580179
211,0.04534299161708704,0.6162408607802531,0.002261614358536352,1.1950779242611436,144.5021235460558,602.3931180830114
212,0.045338456889996104,0.6166980684491588,0.0035165834266019723,1.1837076301545375,144.63146786998058,605.2372849170351
213,0.04532294581579583,0.6182619513323215,0.00033811576677179525,1.17259027606791,144.64877606904972,608.0220232499996
214,0.045321053670952224,0.6184527242533439,0.0025398160451348896,1.1616982155403066,144.6729855908401,610.9946070830338
215,0.045310047129993355,0.6195624437212645,0.0005121296953636049,1.1509992741124353,144.77220080262927,613.912741667009
216,0.04530750266261035,0.6198189861718821,0.002399186278935231,1.1404449970868884,144.8416429473608,616.7413100000704
217,0.045296349218637885,0.6209435169356213,0.0006823256320386198,1.1299982448780175,144.82169517657,619.5150086249923
218,0.04529010885549299,0.621572693031423,0.001802371085558172,1.1196357319704575,144.83673502703184,622.3177555000875
219,0.045277814399529874,0.6228122647716045,0.0008790506136977686,1.1093366397767803,144.92725882983595,625.2168832080206
220,0.04526937484921547,0.6236631709118159,0.0018877803563266573,1.099076919468928,144.9936060080003,628.0995185420616
221,0.04525734326199985,0.6248762392693545,0.0012689695308615708,1.0888438697607907,144.99178328722957,630.9428557080682
222,0.04524678668738405,0.6259405914949528,0.001352279218908923,1.0786390385366469,145.02268827778872,633.8096698330482
223,0.04523687134222574,0.6269402926357971,0.0016421935019117798,1.068462766351588,145.08682548657856,636.7347472080728
224,0.04522558694151495,0.6280780269339183,0.0007389170012272668,1.0583154189179669,145.09314223549077,639.5736337919952
225,0.04521763569988159,0.6288797000179193,0.0014394385465339493,1.04821350169213,145.08432885052275,642.4483232500497
226,0.04520713078027275,0.6299388441979515,0.000302183060250466,1.0381839220168587,145.13382506335824,645.3574830000289
227,0.04520116168501713,0.6305406700791057,0.0017987359167554906,1.0282496244674841,145.18552996895855,648.3448725420749
228,0.0451945606410046,0.6312062113310468,0.0012058889344535072,1.018239133582749,145.18602415012452,651.1475125000579
229,0.04519066117865031,0.6315993693000354,0.0007944570621695607,1.0072209631936972,145.2201070456238,653.9524410830345
230,0.045189071996556536,0.6317595964153591,0.0015917420607649514,0.9963157951631281,145.27115168323155,656.7766540000448
231,0.045182687297298,0.6324033250027958,0.0012065810106174717,0.9855263896240639,145.27179592878093,659.6473162920447
232,0.045174955906088235,0.6331828319679401,0.0005811546493481718,0.9748617876838069,145.30017050044816,662.4917275829939
233,0.04516856908777747,0.6338267742059249,0.001571771323607607,0.9643157152897065,145.3385573858756,665.3020084580639
234,0.045160179694845384,0.6346726232965305,0.0009228984892397315,0.9538775880350842,145.33056396885002,668.0993437080178
235,0.04515282319897902,0.6354143319504197,0.0004471420844000013,0.943553900312597,145.3474879486209,670.8919082080247
236,0.04514773811567676,0.6359270285330797,0.0016060475218570014,0.9333456097463662,145.37480893237404,673.6832822500728
237,0.04514191210806863,0.6365144277974949,0.0015507192080309038,0.9232530539882788,145.36360537250542,676.4753258330747
238,0.04513567016570408,0.637143763115963,0.0003040590064798238,0.9132938209651223,145.39572677754035,679.2803741249954
239,0.045130913810724635,0.6376233161141986,0.0010026556982459984,0.9034651790388692,145.41758082897664,682.0674183330266
240,0.04512649392445452,0.6380689451141064,0.0017040512121028245,0.8937668102892932,145.4110231964936,684.8553578749998
241,0.04512072676424386,0.6386504111699995,0.0012255385737687668,0.8842080986858211,145.4484423107739,687.6441291670781
242,0.045114840134466525,0.6392439225818741,0.00019446314891851223,0.8747807978504974,145.4532628160048,690.4298500830773
243,0.045109775238239884,0.6397545838301905,0.0008757103370944653,0.8654950025875494,145.46353881919484,693.2246081250487
244,0.045104747024548454,0.6402615466119669,0.0014927762436569448,0.8563640578944542,145.50079899442295,696.1325165000744
245,0.04509930132389202,0.6408106019471078,0.0014977774374093586,0.8473959312113084,145.50370992991904,699.0686028749915
246,0.045093717743163494,0.6413735588523067,0.0009813011267129647,0.8386130296701753,145.54778987634242,701.9102915420663
247,0.04508877973399057,0.6418714268866365,0.0004965898292644246,0.8300204719649552,145.56431870824454,704.8196528750705
248,0.04508453218365842,0.6422996803508427,0.00012233291110603402,0.8216296397496022,145.5850840697337,707.6245917080669
249,0.045080678551312946,0.6426882175717518,0.0005900807591013537,0.8134448983459199,145.60065677401664,710.4036021670327
250,0.04507706208927016,0.6430528424206367,0.001156148875740531,0.8054690052048982,145.60033899057538,713.3030567080714
251,0.04507399140034102,0.6433624404403354,0.002101402575261697,0.7977082355591059,145.62536460939472,716.2309272499988
252,0.04507299235151385,0.6434631681746029,0.0034647201305698684,0.7901616485467612,145.60743533792092,719.0692432500655
253,0.04507384293652737,0.6433774091016886,0.00533211048362148,0.7828398146314552,145.6651021253733,722.0350141250528
254,0.0450795545265171,0.6428015458374653,0.006906823363255516,0.7757332225532917,145.59538392122099,724.9407578749815
255,0.04506618258281042,0.6441497538085885,0.005108131084800437,0.7688570231076464,145.689650396216,727.8473045830615
256,0.04505241075728779,0.6455382793179545,0.0013092359990057355,0.7621906629298265,145.63808203719213,730.8082880000584
257,0.04505008461282829,0.6457728096578265,0.0022664106474065754,0.7557370044697548,145.62485568454824,733.7973400420742
258,0.04505136003487345,0.6456442169711127,0.0047987943017396536,0.7494974050682383,145.68021173509587,736.8756169170374
259,0.045045750296333634,0.6462098112019289,0.004026267052771802,0.7434681956361107,145.6337417376767,739.8054479580605
260,0.045035957377771337,0.647197168848346,0.00038922048861491206,0.7376510678286293,145.69374242337207,742.6541519580642
261,0.04503521331354751,0.6472721881080432,0.002791691517287299,0.7320322193035331,145.72425442181282,745.5278385420097
262,0.04503519930546483,0.647273600453858,0.003547961452098198,0.7265989003632454,145.64409328547504,748.4793069580337
263,0.04502575025756342,0.6482262878102852,0.001656353580958669,0.7213452783382092,145.6438037388737,751.3714880830375
264,0.045022809085102714,0.6485228275088475,0.0015332207772943984,0.7162620343951306,145.63296636253693,754.183358291979
265,0.04502236570082006,0.6485675311239129,0.0030419423759851785,0.7113413156156159,145.62924810595914,756.9919215419795
266,0.045015917520190366,0.6492176601339429,0.0018852439429231968,0.7065734786530105,145.81029229019205,759.7976882500807
267,0.04501158870121499,0.6496541073981681,0.0012510348939018664,0.7019487505417962,146.77050411080452,762.5845995000564
268,0.045010974647414215,0.6497160185344292,0.0028279662478297874,0.6974602135015255,147.78506625125166,765.4000934170326
269,0.04500536125044702,0.6502819816211922,0.0014087325802046523,0.6931023387939175,148.88039627950465,768.3214663750259
270,0.0450008736682999,0.6507344359654917,0.0006984565026361256,0.6888683949562348,150.00709654153516,771.2062429169891
271,0.04499862322490482,0.6509613338488782,0.001518381044950491,0.6847509327751076,151.16173813357543,774.0124257920543
272,0.04499458582935813,0.6513683987437078,0.001733446609632969,0.6807452034317524,152.3613958625414,776.7950034170644
273,0.04498943989430974,0.6518872306206059,0.0011037877319791589,0.6768505366726497,153.5488370057317,779.5964973330265
274,0.04498517936699438,0.6523167924714304,0.0005795981566108951,0.6730650674168029,154.75932278872736,782.4005519580096
275,0.044982294724741204,0.6526076325889839,0.0019841870036874246,0.6693875153054936,155.95276245739527,785.1797763750656
276,0.044977959295805586,0.6530447462934275,0.0018883534355093952,0.6658181451494879,157.0595850362996,788.0914742919849
277,0.04497286999905842,0.6535578676909186,0.0006465264334768928,0.6623548905143282,158.18291022010666,790.8971069580875
278,0.04496822513311172,0.6540261799596139,0.0005290259827414088,0.6589952019950581,159.26728526643,793.6887707919814
279,0.044964252447860245,0.6544267205272595,0.0006501527229707955,0.6557334628900885,160.29102169569836,796.4839500420494
280,0.0449611726929932,0.654737232607772,0.001064571860793902,0.6525649299948647,161.26901727125636,799.2723283750238
281,0.04495740516995317,0.6551170879755014,0.001717099335612762,0.649487632516872,162.16721448584846,802.072978332988
282,0.04495329514428985,0.6555314757026979,0.002093652774422773,0.6464974170718972,163.0304650153716,804.9752573330188
283,0.04494811342389224,0.6560539155885836,0.001349144356061516,0.6435941497322097,163.74559903668384,807.8937193329912
284,0.04494314912851648,0.6565544338934333,0.00027601056842359095,0.6407753313156377,164.44101688845143,810.6744960830547
285,0.04493855250620901,0.6570178820630566,0.0007088041380264135,0.6363371123023241,165.09750909317762,813.4729769580299
286,0.04493359200093794,0.6575180182357746,0.0005292201151219268,0.6315869123442447,165.69116591328248,816.2907811669866
287,0.04492990515065848,0.6578897398825404,0.0008177264667995564,0.6268421623385889,166.2708362390874,819.0722042920534
288,0.04492650696746613,0.658232357064287,0.0016469304711623199,0.6220962046859597,166.8187200325278,821.8457531250315
289,0.044922999024020846,0.6585860406737104,0.003347987990707619,0.6173416465285658,167.3686971958047,824.7214914170327
290,0.04492062982523533,0.658824911907233,0.004017676271327144,0.6125668308183798,167.79906692200203,827.5025086250389
291,0.04491437838702443,0.6594552046314467,0.0030336171533909525,0.6077765384573435,168.33159916273954,830.261654208065
292,0.04490901868548077,0.6599955892234335,0.0021695465587006526,0.6029542679874802,168.80180670230718,833.0608051670715
293,0.044898844659323936,0.6610213715228466,0.0016690355578429705,0.5980981018370346,169.2787776818528,835.8910048330436
294,0.04489489193655982,0.6614198993999537,0.0010444399684372272,0.593202963178499,169.72083528610884,838.6827160830144
295,0.04488965991939131,0.661947410389109,0.0020927957495381405,0.5882732262179017,170.24506583135334,841.4689967080485
296,0.044887361700451656,0.6621791251765622,0.0037757475375339725,0.5833045268142861,170.9032632496634,844.2442507920787
297,0.04488102314965087,0.6628182009087404,0.003042130532889935,0.578284448982755,171.48143109378597,847.0424613750074
298,0.04487443637408832,0.6634823035636888,0.0008709368740698985,0.5732264237084809,172.23868436685228,849.8169969579903
299,0.0448699338209956,0.6639362673331428,0.0012811153188792173,0.5681271231549518,173.12278834745135,852.6545193330385
300,0.04486786899091405,0.6641444510075601,0.0016305968627250591,0.5629863222825198,174.06703398775323,855.6312194580678
301,0.04486562017167564,0.6643711851375673,0.0018732167880132142,0.5578172497503561,175.17825517308847,858.8466535420157
302,0.04486215439952008,0.6647206168842694,0.001731048107942713,0.5526309813777108,176.4395663928387,861.7315630830126
303,0.04485956926150487,0.6649812598958622,0.0005505252004214317,0.547447697493731,177.93540401992865,864.7400564170675
304,0.04485795749324763,0.6651437642302868,0.00108020981421245,0.5422790920003195,179.6347649580714,867.6043093750486
305,0.044857339674622035,0.6652060549498712,0.002081542678006863,0.5371447257815749,181.5184449420125,870.542636541999
306,0.04485476686963183,0.665465454501053,0.001777512610678869,0.5320709904228869,183.63662284405893,873.4079330830136
307,0.044852157600913475,0.6657285304578512,0.0009269688645806241,0.5270720169278742,185.92576163615888,876.240823292057
308,0.044848768251483935,0.6660702569875214,0.00029839562490474104,0.5221675672760503,188.429288599249,879.1236398330657
309,0.044846649494891824,0.6662838777287549,0.00023163009297353022,0.5173713099133562,191.1115347400261,882.1541865000036
310,0.04484448168988721,0.6665024437092266,0.000767024039078071,0.5126922161291382,193.95816604473924,885.2963459580205
311,0.044843171262157124,0.6666345657963394,0.0016078597730320523,0.508134281571572,196.97091965697845,888.1301503750728
312,0.04484207974826653,0.6667446161944093,0.0023983913393657843,0.5036954936777956,200.09960164281,890.8880457920022
313,0.04484216460902632,0.6667360602241411,0.003293666051126479,0.499373246785988,203.39296608118602,893.6325374579756
314,0.044844483702755594,0.6665022407645192,0.00406339673221556,0.4951532122387581,206.68073549390533,896.363679042086
315,0.044843209647163554,0.6666306956804627,0.004631489496999404,0.49102961476641577,210.13658878572573,899.175516917021
316,0.04483897195312744,0.6670579553970746,0.0044045582606135215,0.48698424322385797,213.56778923788025,901.9194853330264
317,0.04482756556994566,0.668207988411324,0.002740312717988222,0.48301096099799645,217.18726805056332,904.6865561250597
318,0.04482197800644083,0.668771346874507,0.0006380830662443895,0.47909018465798536,220.69876409383932,907.426385083003
319,0.044822414648758795,0.6687273230088283,0.0029368356238941855,0.47521597859264963,224.2944424844703,910.1706398749957
320,0.04482042814355797,0.6689276096840628,0.0042580708221072235,0.4713810823378778,228.06024178700338,912.9062880420825
321,0.04481455823728912,0.6695194349710215,0.003583623900097569,0.4675702454577433,231.6018592239698,915.6382738749962
322,0.04480574609776317,0.6704079069098916,0.0007147586722632707,0.4637878649816754,235.28618787967642,918.4432647080394
323,0.04480370286164089,0.6706139134028423,0.0023593535724173343,0.46002261964965535,238.97207005872443,921.2437925420236
324,0.044803658687097236,0.6706183672409067,0.0037078359566117755,0.4562704711318239,242.52332399605245,924.0268476670608
325,0.04479905811195528,0.6710822139496717,0.002696272725074603,0.45253902882753894,246.23112940214827,926.9223890419817
326,0.044794519444057226,0.6715398189450758,0.0009679149301973356,0.44881931074022985,249.94243441245942,929.7727743330179
327,0.04479129350811188,0.6718650695332662,0.0013486627853510687,0.44511222916954446,253.77897895702753,932.5690343750175
328,0.044789048490178646,0.6720914204018682,0.0020152415429032155,0.44142045843063804,257.7996383581453,935.4310715000611
329,0.04478643497179526,0.6723549248253421,0.002174239357433893,0.43774039503839784,261.8614712691401,938.2454372920329
330,0.04478069921584571,0.6729332245894775,0.0015825705497175709,0.434074283976754,266.08791684317987,941.1311985000502
331,0.0447752532476421,0.6734823068996968,0.0005259450939263368,0.43042230489740846,270.3708275085302,944.126606957987
332,0.04477207320656494,0.6738029302004505,0.0005662853130675484,0.4267848152463103,274.78230663354384,947.0441532920813
333,0.04477055640807957,0.6739558593372624,0.0014669207000386191,0.4231610092043841,279.2806795082216,949.9220664170571
334,0.04476846476581942,0.6741667463129879,0.0019118762074402424,0.41955033967072686,283.79132535238205,952.80420791707
335,0.04476458828030452,0.6745575876735097,0.001965513993184776,0.41595210454535786,288.4384265931297,955.677861000062
336,0.04476002091607641,0.6750180859372202,0.0014634617431926826,0.4123644034774331,293.102549829824,958.628819250036
337,0.04475560490818349,0.6754633239050407,0.000822753553511564,0.40878740123622365,297.94682060565054,961.5313121250365
338,0.044752011179860746,0.6758256566576349,0.00041208479505158214,0.40521774231764396,302.8320116406631,964.3898285829928
339,0.044749339579365964,0.6760950171307067,0.0010653164556259965,0.401655959102354,307.90429595631093,967.3101003330667
340,0.04474761156976011,0.6762692413404325,0.0017663619006086633,0.39810079746591986,313.2057382161249,970.1213020830182
341,0.04474740817191292,0.6762897486507313,0.002383746265963872,0.39455219181862866,318.6697348460642,972.9241175419884
342,0.044748456031916906,0.6761840995961894,0.0031503777014489963,0.3910104866834825,324.39846111213654,975.7358825419797
343,0.04475234715878362,0.675791782041357,0.0035867691026427984,0.3874790454160736,330.1513333238628,978.5673086669995
344,0.044743146584641125,0.6767194173702158,0.00310035427926589,0.38395343368447665,334.8511749055097,981.3849847080419
345,0.04473282546615305,0.6777600300531407,0.00141848900000337,0.3804471390133782,339.62769117563965,984.197537542088
346,0.044730070215371426,0.6780378244521983,0.0017311683956677,0.3769577691210411,344.7449164136731,987.0051447920268
347,0.04473233722105488,0.6778092566986946,0.002963615501557338,0.37349097447578605,350.6014393865402,989.843244208023
348,0.04472794403494322,0.6782521936915723,0.0026030603123300593,0.37004825744545694,356.868952044098,992.6498416670365
349,0.04471930672154911,0.6791230390243423,0.0008531269571712574,0.36662648526806785,363.5695674054544,995.475845457986
350,0.04472014866255642,0.6790381514715551,0.002123187870209757,0.3632273026489835,370.75813406743174,998.2914809170179
351,0.04472010604836571,0.6790424479891639,0.0025567018804821735,0.35985493803626967,378.151487303019,1001.2592453750549
352,0.0447109261410077,0.6799679996176876,0.0013901812059788719,0.35650150981422946,384.91455162919664,1004.2242546670604
353,0.04471033143800868,0.6800279597357765,0.0027232064333886615,0.3531746527993867,392.053868643824,1007.2327942079864
354,0.04471103343488038,0.6799571818594338,0.0035714443327124054,0.34987125500879684,399.55025956266815,1010.1992407500511
355,0.04470429948607932,0.6806361230552593,0.0033957079996328986,0.34659046422610795,407.7895406372379,1013.0940798330121
356,0.04470901115768994,0.6801610751966912,0.005882510675507928,0.34332781856149974,415.19650027166324,1016.0021140420577
357,0.04472974497079797,0.6780706167923483,0.00847971130495009,0.3400933464550289,419.5188889466693,1018.8424441670068
358,0.044717165798113925,0.6793388947072706,0.008973272375827934,0.33687252501913567,415.2577389638778,1021.6659759170143
359,0.04470641546866104,0.6804227819998367,0.006420993001626607,0.3336842138268743,410.530842971121,1024.6522129580844
360,0.0446910052909138,0.6819764921358491,0.002102927428036859,0.3305244551313308,406.6390500068115,1027.5270509170368
361,0.04468937246889715,0.6821411191868271,0.0034098636166323072,0.3273933351227247,403.9109985103937,1030.3562345419778
362,0.044692216087717326,0.6818544152009073,0.004554095112746522,0.3242930201548501,402.37225200502155,1033.1958367499756
363,0.044677254249385914,0.6833629221273154,0.0015413659330998828,0.32122355211713444,401.73323620771276,1036.0320629170164
364,0.04467749164732715,0.6833389868039457,0.0025245517860953822,0.31818423173783916,402.0476859940844,1039.1651688329875
365,0.04467285846667798,0.6838061209184685,0.0035974195732725407,0.3151733061378443,403.07701548735713,1042.1692597500514
366,0.0446655989282084,0.6845380539751765,0.0024397271715982743,0.312190610514409,404.3644145405573,1045.0491140420781
367,0.044661899302515025,0.6849110636856115,0.0017323570736601144,0.30923614698249835,405.9119830460876,1047.9221045420272
368,0.044655946788879186,0.6855112177475859,0.0022752721915297687,0.3063064819082181,408.00371488824,1050.743141666986
369,0.044655025747246294,0.685604080512973,0.002733674346740024,0.30340111424350713,410.2609151607521,1053.577567792032
370,0.044648927196132365,0.6862189586043302,0.0011015820755594832,0.30052203024365925,412.6147667087552,1056.3960768750403
371,0.04464818765164118,0.6862935221681539,0.0016904234807651362,0.2976678186097765,415.247645754678,1059.2175244169775
372,0.044647079591866645,0.6864052407823864,0.0025882892669232835,0.2948404111120202,418.050542870824,1061.993124792003
373,0.0446408039680003,0.6870379719922968,0.0013392884440391669,0.2920458170316113,421.01467104132337,1064.887889457983
374,0.04463801363147907,0.687319303863157,0.001330176383547323,0.28928651373341174,424.35071480909505,1067.701736957999
375,0.044633781355334856,0.6877460173282137,0.001490480578494552,0.286566578283407,428.039567937986,1070.4986631249776
376,0.044631041533279986,0.688022256146957,0.002141879020265674,0.28389138991618745,431.99770261824847,1073.3054195420118
377,0.04462878940365231,0.6882493240424434,0.0019823173515456996,0.2812614730899935,436.104543151322,1076.1333625830011
378,0.044624364544949086,0.6886954543811314,0.0005247902446203905,0.27867766903005886,440.609479613377,1078.9382659170078
379,0.0446224351414017,0.6888899838601032,0.0011125624248995436,0.27613886181079866,445.274923664715,1081.7572115419898
380,0.04462046591685196,0.6890885282372802,0.0018652673068027907,0.2736437337536853,450.0192800148979,1084.564685957972
381,0.044616722020064115,0.6894660015203837,0.0018860247455933488,0.2711903404198603,455.01002823871465,1087.5048387499992
382,0.044614911855498915,0.6896485088917412,0.002593389831369781,0.26877507924198496,459.84462691415166,1090.5547570000635
383,0.04461527185889361,0.6896122120408869,0.003581054498722469,0.26639669004347927,464.5489011872387,1093.4823728330666
384,0.04461464229266991,0.6896756871960141,0.0052505270739658045,0.2640481822393497,468.3010154166195,1096.5644614580087
385,0.044619675504340164,0.6891682204998453,0.007002585195295948,0.26173130703777014,471.29247599240665,1099.4309412500588
386,0.0446207999355995,0.6890548512530048,0.008123839900127137,0.259439032267771,471.59181767487667,1102.2742580419872
387,0.044612992628040096,0.6898420123804738,0.006130894853682735,0.25717493710093237,470.8976520216548,1105.0732918330468
388,0.04459957987532843,0.6911943348638194,0.001336886616123536,0.25493391958082023,469.02783868802896,1107.9459470830625
389,0.04460125035111351,0.6910259114230382,0.003763197044228331,0.25271792122744563,468.3243931852084,1110.7579821250401
390,0.04460273215999867,0.6908765100649048,0.0048323325438254265,0.2505281851506923,468.37836460213407,1113.5404121250613
391,0.04459247312006298,0.6919108637625249,0.001273438785312225,0.2483640300121539,468.5177519206538,1116.2985797920264
392,0.04459331166945267,0.6918263181649543,0.0032535476272981113,0.24622744726081444,469.60115107576723,1119.117432500003
393,0.04459408857230707,0.6917479879951555,0.004420934347481427,0.24411935685278546,471.04080080457453,1121.905308000045
394,0.044585367466547995,0.6926272815787439,0.0012966917899236263,0.24203815305075793,472.043346272919,1124.730532500078
395,0.04458680665068861,0.692482177802296,0.0034209438122258396,0.23998421402448544,473.5864663455512,1127.516025708057
396,0.04458910367887862,0.6922505830705503,0.004633988742707315,0.23795751427266826,475.1120383102963,1130.3531106250593
397,0.0445793782631529,0.6932311348356128,0.001697043797635656,0.23595588274021856,475.1778534972376,1133.1473831250332
398,0.04457862613459769,0.6933069671705138,0.002533514383411076,0.23397957696510696,475.5240387004831,1135.984054917004
399,0.04458220641925434,0.6929459898572027,0.004398880518226715,0.23202754954619634,475.98390016974605,1138.8483083330793
400,0.044573802218205,0.6937933319560169,0.0023162101810676244,0.2300971412788848,475.55640190280633,1141.6400305830175
401,0.04457051216092808,0.6941250474899353,0.0015294471070897708,0.22818812512741957,475.55555540445624,1144.4841384580359
402,0.04457246986842926,0.6939276643034582,0.0035293489343148393,0.22629897397861626,476.17627659224473,1147.2653099580202
403,0.044568176086024966,0.69436057905323,0.0024823949759091445,0.22442791346399188,476.550482831819,1150.0554157500155
404,0.044564813759862175,0.6946995809989177,0.001374661213245771,0.2225750355770901,477.44454976170636,1152.8250489580678
405,0.044563920557854395,0.6947896368721048,0.0025756840606275975,0.22073932789703596,479.00239761741676,1155.667637333041
406,0.04456124442099871,0.6950594547175726,0.002407367991013179,0.2189205353234152,480.77936797806507,1158.505785083049
407,0.04455831755980238,0.6953545515024395,0.0013557564338858349,0.21711904467465273,482.8226425364099,1161.2075635830406
408,0.04455792216876529,0.6953944162640331,0.0020708022682565377,0.21533445886881117,485.0344174454803,1163.9291941249976
409,0.0445578817096189,0.6953984955022403,0.0027234318129324988,0.2135672769249891,487.29798171656364,1166.7095411249902
410,0.04455546237404515,0.6956424217089978,0.002551617913717336,0.21181725638917315,489.72487314588443,1169.4757557500852
411,0.044554364298938394,0.6957531336327315,0.0031095697343144365,0.21008467602286388,492.0009821336044,1172.3015105000231
412,0.044557102580314915,0.6954770501507797,0.0056843141504206345,0.20836884698392127,493.6608255951792,1175.1181774580618
413,0.044570121730374,0.6941644121176013,0.007629776880833811,0.20667140805993467,494.09640427717454,1177.989512500004
414,0.04456624733610834,0.6945550426307727,0.008555575912677678,0.2049906710385506,490.71111784757096,1180.796551458072
415,0.04456441666558526,0.6947396174873418,0.006442350496342922,0.20332931486070524,485.61606751145274,1183.5930892920587
416,0.044544585188770316,0.6967390990666503,0.0025502678298734154,0.20168564020567997,479.1781137095178,1186.3722812919877
417,0.04454819761989195,0.6963748806298882,0.0056877480989225146,0.20006083268980437,473.7973492193784,1189.1727357080672
418,0.04455573015228321,0.6956154233336712,0.005642030430223757,0.19845490603007537,468.451241005098,1191.9564556250116
419,0.04454102519208869,0.6970980308725734,0.003340777098632071,0.19686693362585586,462.4595684009372,1194.7579297500197
420,0.04454586448744131,0.6966101155244285,0.006110163040319902,0.1952982049639391,457.5955417302397,1197.5483747919789
421,0.0445405191591013,0.6971490509577766,0.003986235033643687,0.19374891556312382,452.68085409734033,1200.3307121670805
422,0.04453817478691399,0.6973854190834241,0.005228324187351262,0.19221833679773123,447.98575708032877,1203.0845412500203
423,0.04453745680531685,0.6974578085978895,0.005977628646337878,0.19070688498367291,443.64981020333346,1205.958686167025
424,0.0445258577665054,0.6986272658530192,0.0024261292570204513,0.18921427471090602,439.24225645840266,1208.724663208006
425,0.04453066166941047,0.6981429189000866,0.005576402827791054,0.1877398099810194,435.9716338678466,1211.5566242500208
426,0.044514793417651244,0.6997428137230728,0.0014818728048214915,0.18628386421574508,432.626015601059,1214.4092223329935
427,0.04451695743418824,0.6995246297096778,0.004176729754033967,0.1848461364579109,430.1570527247337,1217.2155088750878
428,0.04450644843537324,0.7005841851701022,0.0027787045154364465,0.18342633441204267,428.2173894957696,1220.0120230830507
429,0.044500085659246846,0.7012257033876664,0.0028714862236523483,0.18202400332419466,426.6704585208341,1222.7817946249852
430,0.044494630006876514,0.7017757620907766,0.0033092573420194188,0.1806388646875253,425.46578447490435,1225.5779090829892
431,0.044482277643995434,0.703021172216917,0.0016082722690962008,0.17927090101290563,424.84894417237695,1228.3616952920565
432,0.044477496512590683,0.7035032232644137,0.0035126842025910332,0.1779197157407875,424.82192136701764,1231.1647629999788
433,0.044463339744893644,0.7049305600430567,0.001211309125016999,0.1765845779136287,424.91824875156476,1233.954588667024
434,0.04445696307701304,0.7055734788777767,0.003235082711904491,0.17526536009974808,425.50918120417964,1236.7328554170672
435,0.04444403790583476,0.7068766416185815,0.0012909037289845849,0.173962491483025,426.25714328760375,1239.5356748329941
436,0.044438290232449856,0.7074561429418684,0.0025877963185622086,0.17267517556095313,427.3321565636326,1242.2920077079907
437,0.04442911697590798,0.7083810240109341,0.001762369723031683,0.1714028791425559,428.37652417024856,1245.1358114170143
438,0.044421810680049474,0.7091176713175554,0.0016745389750008183,0.17014618468073395,429.7986176912304,1247.9166785830166
439,0.04441617958693256,0.7096854185944581,0.0024965832445702843,0.16890515205010154,431.52700360332403,1250.7814914580667
440,0.04440625638688258,0.7106859116940325,0.0005254224829878305,0.16767926864172783,433.25221308603057,1253.5703946250724
441,0.044401435453637214,0.7111719757077786,0.002419294476793046,0.1664690285876051,435.2344032594544,1256.3390576670645
442,0.044394240820918945,0.7118973647307093,0.001563768618163941,0.1652748382689186,437.26670919044295,1259.1306728749769
443,0.044386675849646784,0.7126600926328132,0.0016172812471625792,0.16409587842220555,439.4459173237288,1261.9062243750086
444,0.04437804396402982,0.7135303907173617,0.0017744291478285724,0.16293207840489377,441.75930837982855,1264.6884470829973
445,0.0443688744685094,0.7144548925865726,0.0011321140679041723,0.16178386135424072,444.2329222775377,1267.483335792087
446,0.044363395695371705,0.7150072824094916,0.0019564835367246384,0.1606508752160424,446.9192599800806,1270.2750086670276
447,0.04435670130132638,0.7156822355510637,0.001035392862162921,0.1595330322735681,449.6652307049937,1273.1243914579973
448,0.044349776244838796,0.7163804449185152,0.0010774582226170948,0.1584305462450662,452.5054701694087,1275.8995969999814
449,0.04434322710632814,0.7170407528690822,0.0015974343251564447,0.15734336146222477,455.33875622156415,1278.7156545830658
450,0.04433677612231904,0.7176911645260139,0.0009345016580551789,0.1562706957549909,458.02353553660174,1281.5720511249965
451,0.044334481750772335,0.7179224914053245,0.0021959271686917614,0.15521244942165838,460.6171021349683,1284.5196024170145
452,0.044333346440959875,0.718036957467434,0.002708897943111369,0.15416859444458633,462.9813146876823,1287.3428083329927
453,0.044326718740238386,0.7187051863456686,0.0026863524496937054,0.15313789083732807,464.6066423170695,1290.1694394580554
454,0.0443199287326769,0.7193897795894921,0.002721682848551121,0.15212144391845553,465.9977161307932,1292.9790114170173
455,0.044315102751578836,0.719876352546096,0.003310892459798363,0.1511185542032325,467.34052322535325,1295.8854155420559
456,0.04430956243452266,0.7204349474505868,0.0038179215977287104,0.15012947790679343,468.65713634867984,1298.7358090829803
457,0.044302162739169676,0.7211810116337459,0.004934746017129026,0.14915329551292114,470.10341116859644,1301.7054817500757
458,0.044297663474375734,0.7216346438649641,0.005392925000983418,0.14819060267660614,471.0361194051769,1304.532687250059
459,0.04428836618582126,0.7225720302923926,0.004527242607117308,0.1472396875925853,471.0502186248399,1307.32894450007
460,0.044278991492052444,0.723517220994896,0.002828422109050807,0.1463017484879983,470.7894521558805,1310.1153275000397
461,0.04427315040996928,0.7241061401226796,0.0012204996746791503,0.14537583325243694,470.5794804396431,1312.856547167059
462,0.04427066652512544,0.7243565744214822,0.0019255466817026505,0.14446209275186164,470.6329146609994,1315.6895678750006
463,0.04426885001244694,0.7245397218326984,0.0029880362781500597,0.1435607094016896,470.9601870733605,1318.5956805000314
464,0.0442684287205308,0.7245821980150668,0.0031926539183166906,0.1426712895923064,471.46496799163907,1321.399447957985
465,0.044263036077618896,0.7251259038755409,0.0025077134829473535,0.14179441953888053,471.8654318960011,1324.2124644580763
466,0.04425505089709122,0.725930998802234,0.00041994667857997615,0.140929136353261,472.4560233601247,1327.0140044169966
467,0.044252521084916174,0.7261860636615135,0.001637755009164762,0.1400750121161334,473.2475234257124,1329.797347792075
468,0.04425119072856687,0.726320195024456,0.0028637746948916264,0.13923138311268624,474.19014962553524,1332.5968323330162
469,0.044247874948469434,0.726654504026641,0.0034855665621901827,0.13839708526315783,475.252181036511,1335.3430509580066
470,0.044243527872515884,0.7270927920257692,0.003534735222352719,0.13757226735213451,476.1495025664604,1338.1904322080081
471,0.04423778363331682,0.7276719471019567,0.0023184279866754116,0.1367557960763914,476.6245899615194,1340.989383624983
472,0.04423293434601509,0.728160869874731,0.0007651371875944389,0.1359482708686817,476.9055779294365,1343.8059364170767
473,0.04423004377971684,0.7284523072760427,0.0012832882775477231,0.1351488077882455,477.3146946401445,1346.605793708004
474,0.044228909917292246,0.7285666274072466,0.0029181557359608708,0.13435703108039213,477.86437384607365,1349.3863843330182
475,0.04422913855471042,0.7285435753516564,0.0038712986664980803,0.13357341255567695,478.2247773204916,1352.1738145420095
476,0.044231734751832646,0.7282818173206943,0.005339799798194729,0.13279677248709368,478.3016136037241,1354.9608173749875
477,0.044237114038691315,0.7277394580660563,0.006723773008078067,0.1320281666512439,477.85461676070094,1357.7390139170457
478,0.04423629720899942,0.7278218138047445,0.00801921830547935,0.13126597964503325,476.1622614098741,1360.5331405000761
479,0.04423639884192743,0.7278115668035104,0.007402014545451004,0.13051218866693665,473.29495107079407,1363.3161153750261
480,0.044221937985379337,0.7292695629254703,0.004692957454907865,0.1297645598267402,468.9592351624344,1366.1142329580616
481,0.04421361743546849,0.7301084710124319,0.0006011398774643015,0.12902508366772503,464.84970405325544,1368.8938760000747
482,0.04421460856698178,0.7300085415305284,0.003174981864600177,0.12829324012755272,461.52860802476476,1371.6813005830627
483,0.04421650709272629,0.7298171252638832,0.00466308645391827,0.12756867008578007,458.67307074730667,1374.4694461670006
484,0.04421176760606889,0.7302949775365745,0.0034761624767743844,0.12685247487590026,455.98260185529244,1377.2360418330645
485,0.044204983449605356,0.7309789808514338,0.00041726391896606987,0.12614368681214716,453.7612432015024,1380.120631458005
486,0.04420535383986572,0.7309416367590262,0.0027231315637230523,0.12544281657503056,452.1527317290744,1382.9173694580095
487,0.04420525081546549,0.7309520240535484,0.0036576159108607895,0.12475001641127181,450.8924318656242,1385.7508445830317
488,0.0441981185261017,0.7316711273928643,0.0015083102477983859,0.12406421918720796,449.86778989000794,1388.6203031250043
489,0.04419521634464055,0.7319637358771204,0.0015146828183221046,0.12338600534418888,449.3120531908699,1391.4201338749845
490,0.04419571595330554,0.7319133635154531,0.003224018058070005,0.12271524184187625,449.16392703127434,1394.1977539580548
491,0.04419091974927865,0.7323969342395029,0.0023496452088612872,0.12205110544551925,449.232950031629,1397.0093548750738
492,0.044185793541331515,0.7329137771583455,0.0003959552873843678,0.12139421896033833,449.4878823443342,1399.783569124993
493,0.044183984589983585,0.7330961622087279,0.001989957786215777,0.12074409236290157,450.0411442109602,1402.5755105420249
494,0.0441818545676489,0.7333109188030784,0.002782674294687977,0.12010034728997354,450.84619148168144,1405.357501917053
495,0.04417780045061794,0.7337196696187338,0.002474758981471445,0.1194633822588204,451.7159444389588,1408.1509990830673
496,0.04417314483445196,0.7341890657636134,0.0009950573110927119,0.11883227618168364,452.6657144900003,1410.9404733330011
497,0.04417021325569803,0.7344846381897859,0.0011631012838661684,0.11820750446346161,453.8039618397327,1413.7154330420308
498,0.044169089178823416,0.7345979717062705,0.0028044406038153333,0.11758889460641553,455.0498443801063,1416.4764050419908
499,0.04416707224137606,0.7348013266712203,0.0032802837392877163,0.11697573750461561,456.1501696170135,1419.3196190000745
500,0.04416442211722908,0.7350685218208407,0.0028890241184349255,0.11636899729553937,457.0268747107184,1422.1532809999771
501,0.04416119766101264,0.7353936232173844,0.002186404844857795,0.11576760530185701,457.7941308230381,1425.0071083750809
502,0.044158082860193335,0.7357076687581946,0.0013519390882237561,0.11517215980274348,458.5089864521774,1427.8724842080846
503,0.04415570476094795,0.7359474373684343,0.0006649300411972749,0.11458213116760982,459.26057152954775,1430.6543199999724
504,0.04415395742812295,0.7361236098153533,0.0004618840020537195,0.11399778438206828,460.04619480967875,1433.4433705830015
505,0.04415259178937688,0.7362612984777878,0.0009736167642256455,0.11341892085955732,460.85781927864645,1436.2311250830535
506,0.04415187810579109,0.7363332546511258,0.0019140127140148705,0.11284538710253969,461.66733197451975,1439.0381147080334
507,0.0441522127231303,0.7362995173146624,0.0030213742154246597,0.1122775857195693,462.31321858162204,1441.8226689579897
508,0.0441544141130699,0.7360775651789658,0.004883591593836968,0.11171471121950775,462.6951704870027,1444.6806130420882
509,0.044163129486875174,0.7351988495117944,0.007445362490854878,0.11115790404390992,462.40755442033407,1447.4969923329772
510,0.044179619575202535,0.7335362588656517,0.011998265119104587,0.11060535192826705,460.71538113027395,1450.3227179580135
511,0.044208625958956506,0.7306117298182383,0.013455338275335441,0.11005974882639416,456.2384119044745,1453.1023510419764
512,0.044172396291399796,0.7342645365950645,0.00894745995475591,0.10951730691100148,448.17130624085877,1455.9014390830416
513,0.04414867233881048,0.736656471730978,0.0009555974055085781,0.1089815732384204,440.13496268073516,1458.6687476669904
514,0.04416297262687399,0.735214664707295,0.0069802402441502395,0.10845143407418921,433.3109490132694,1461.5198423750699
515,0.04415637118690109,0.7358802458813998,0.0059448217347725825,0.10792566266433724,426.823148615728,1464.2896727080224
516,0.04414523785252879,0.7370027491221532,0.0008920066777633299,0.10740608804532362,421.0931204153292,1467.2242817080114
517,0.04415239855265523,0.7362807813064743,0.004662136067740856,0.10689233337777555,416.56765115437975,1470.0221517500468
518,0.04414574999693409,0.7369511128615811,0.0027167802633360025,0.10638386698299859,412.8617250269046,1472.8030307079898
519,0.04414374509369665,0.7371532544937428,0.0018223129871305628,0.10588165017561177,409.7418309177009,1475.6013643330662
520,0.04414708071510486,0.7368169450184829,0.00352609628484755,0.10538545863695019,407.1560320273932,1478.3852958329953
521,0.04413938489924553,0.7375928651474816,0.00031076053931654275,0.10489434361883987,405.09209583960876,1481.1785232500406
522,0.04414251513484219,0.7372772634163131,0.0031057808890263207,0.10440848198981958,403.5794656239978,1483.9728174579795
523,0.04413990685908225,0.737540239259435,0.0026237358717474736,0.10392789427226917,402.5290535995981,1486.8425741670653
524,0.04413634993660023,0.7378988611133789,0.0013893590707417843,0.10345170339375089,401.8488647106714,1489.5984550419962
525,0.044137294918246375,0.7378035846288348,0.0031877340301849112,0.10298012899630728,401.618324143367,1492.3439187500626
526,0.044133421358686614,0.7381941309839231,0.0015415090212970806,0.10251364026612723,401.4931583514773,1495.1999101670226
527,0.044132287635175384,0.7383084371093764,0.0018890869347480614,0.1020514138406415,401.6177534670155,1497.9902809170308
528,0.04413099198039008,0.7384390697344969,0.0027034847944259004,0.10159330826391556,402.0269847205631,1500.9058989170007
529,0.04412817141019948,0.7387234498738019,0.001020704389073103,0.10113968126584255,402.6038558971764,1503.703707083012
530,0.04412929810624917,0.7386098522825659,0.002196133436981784,0.10068965864130855,403.48007190195256,1506.5815802920843
531,0.0441291387855737,0.7386259155721923,0.0023654296974032585,0.10024292027955134,404.5384217492812,1509.3653768750373
532,0.04412590215125463,0.7389522448093102,0.00023294116888402703,0.0998001865111914,405.82802501633387,1512.140736375004
533,0.04412608495889861,0.7389338134781437,0.002066271856729218,0.09936109963875356,407.2916175549769,1514.916490625008
534,0.04412488687741478,0.7390546084083336,0.002116374531037545,0.09892539382832605,408.7866623298351,1517.688925625058
535,0.04412248122320003,0.7392971552107457,0.00036867201979719634,0.09849370223024127,410.18484326439557,1520.5443861250533
536,0.04412254948961834,0.7392902723423054,0.001795946840771195,0.0980655340137006,411.62222764542014,1523.4384107500082
537,0.04412220678459984,0.7393248251079932,0.0019955902340751943,0.0976404783167119,413.04397202410723,1526.180480958079
538,0.0441207843481254,0.7394682403238605,0.0010590969350908037,0.0972189995121789,414.51132549593495,1528.957895791973
539,0.04411958093159414,0.7395895731529251,0.0007632061472262051,0.09680067889379879,415.99283468170574,1531.8140207920223
540,0.04411956812679711,0.7395908641791066,0.001741741018106754,0.09638556821070472,417.41040481544826,1534.5997409169795
541,0.04411858209662067,0.7396902793256853,0.0017667976492172321,0.09597405535040936,418.65138187722386,1537.4010995000135
542,0.04411685060692448,0.7398648544107687,0.0007058375706008154,0.09556570024589658,419.7595049114965,1540.2575541250408
543,0.04411600697045927,0.7399499129057849,0.0006478939412690707,0.09516077888865526,420.79334522424415,1543.057023667032
544,0.04411542244471783,0.74000884691577,0.0014605316691114964,0.09475912970012657,421.79894540566033,1545.8551213330356
545,0.04411489084020402,0.740062445215219,0.001972907331408247,0.09436046018049139,422.7473613690298,1548.6360352080083
546,0.04411409754179705,0.7401424284442258,0.0018742529685515403,0.09396522167012915,423.5559475431091,1551.4286392920185
547,0.044112940357170394,0.7402591000046168,0.001085014692754283,0.09357288016528557,424.20633009302225,1554.2181417080574
548,0.044111908259669055,0.7403631598263454,0.0005170928874589727,0.09318382594874142,424.7380137351798,1556.9939695419744
549,0.04411109973462517,0.7404446782602345,0.00043546428018743656,0.0927978415993405,425.2151875760465,1559.8188548330218
550,0.044110559856543836,0.740499110730835,0.0012594925235427162,0.09241486774065912,425.6335914700138,1562.6149800419807
551,0.044110194754931206,0.7405359216025538,0.0019521273417069148,0.09203508026263812,425.9015989314785,1565.4501715420047
552,0.0441102324752089,0.7405321185070447,0.0028097571653177703,0.09165813542185836,426.00307046338634,1568.2401832500473
553,0.044111194087617406,0.7404351652485868,0.004104699945789859,0.09128461184484306,425.8416204139084,1571.016455666977
554,0.04411385989740463,0.7401663886157,0.005870480946025758,0.09091359248461953,425.3349856510955,1573.8142077920493
555,0.04412170931957149,0.7393749813404221,0.008400816820177943,0.0905462259714022,424.3274177107571,1576.5917931250297
556,0.04413474003829282,0.7380611769126646,0.012237094626248158,0.09018077569595896,422.4700763132089,1579.382393124979
557,0.04415310694107598,0.7362093590109238,0.013849975070530889,0.08981971726532964,419.0611591306236,1582.1521685830085
558,0.044132794993442234,0.7382572834046804,0.01078643438362839,0.08945980539698642,413.5293771088684,1584.8718190829968
559,0.04410750651798523,0.7408069594231081,0.0029949361593731593,0.08910429963159865,407.8940307812299,1587.6050296250032
560,0.04411335649419754,0.7402171435568939,0.005895879120048704,0.08875149087405797,403.10701605120676,1590.3281601250637
561,0.04412414601828046,0.7391293045192564,0.009090454221494947,0.08840095133322329,398.95741939545775,1593.0461812920403
562,0.04411043471932638,0.740511727519969,0.0045479698436255885,0.08805463781254678,395.03686734185044,1595.7817683750764
563,0.04410590141895753,0.7409687913415677,0.002725303872581402,0.08771101705389978,392.08267227926325,1598.508985708002
564,0.04411509475071551,0.740041886216242,0.006172347357207771,0.08737046809484422,390.01166609346626,1601.2265611670446
565,0.04410468481419713,0.7410914538558331,0.003016806932994214,0.08703404226587878,388.2808675130724,1603.9511165830772
566,0.04410493550286824,0.7410661785127663,0.003431489669492988,0.0867003612412738,387.16245257739115,1606.8163963750703
567,0.044109806091845935,0.7405751080275895,0.0057840704189531895,0.08636923096864099,386.50095675126374,1609.6014870000072
568,0.04410112963976254,0.7414498994652817,0.002109701583520296,0.08604162513510358,385.93765417389267,1612.3466274579987
569,0.044102201976093186,0.7413417826185152,0.003453592065458832,0.08571642715460177,385.6315666606868,1615.2219083330128
570,0.04410483887711536,0.7410759206724032,0.004768376886637606,0.08539350257782047,385.4292560176393,1618.013796708081
571,0.04409835500878909,0.741729647845725,0.0016347969337378618,0.08507381258625508,385.0572493322434,1620.8746223750059
572,0.04409947337558588,0.7416168900400428,0.0030955423517685736,0.08475637799957554,384.81232235092796,1624.1389959170483
573,0.04410216431980518,0.7413455792623513,0.004928463456527272,0.08444090259079963,384.70268765004397,1629.0277577079833
574,0.04409736994222145,0.7418289658377623,0.0023685822076851396,0.08386682250672799,384.46392801617475,1632.4562765830196
575,0.04409591852093753,0.7419753034074804,0.0017465864805409673,0.08325921281869875,384.4410106342322,1636.065577958012
576,0.04409859504843843,0.7417054461757419,0.0038805419169815197,0.08266132981338145,384.61808291533106,1639.850840833038
577,0.04409618763601734,0.7419481702469086,0.0030569916876375825,0.08207285897991347,384.84787343750656,1643.2919334999751
578,0.04409329845435695,0.7422394680439979,0.0003510666516329328,0.08149423081789757,385.17169108732264,1646.6876978330547
579,0.04409497952746478,0.742069976142616,0.0032368532275542966,0.08092477949987037,385.65215470664884,1650.4479944580235
580,0.04409577248921172,0.7419900268568974,0.003884837921733829,0.08036377592783775,386.0939734796019,1653.980977582978
581,0.044093255189719384,0.742243830142023,0.0026346485823996917,0.07981142146603304,386.52565687655806,1657.47830216703
582,0.04409104016292347,0.7424671571951431,0.00020509826014221595,0.07926707364774035,386.81972386625057,1661.2567306670826
583,0.04409214543294929,0.7423557198535169,0.00267290381065984,0.07873087430379791,387.0936182491343,1666.3009742919821
584,0.0440935778168512,0.7422113017018533,0.004039252113840086,0.07820285691899849,387.29384237342373,1670.609183707973
585,0.04409232188224306,0.7423379295943308,0.003664983217249363,0.07768236698879367,387.26165109828327,1673.4382959579816
586,0.04408931338421587,0.7426412573012322,0.001555197207348008,0.07716962174757538,387.1001567531934,1676.227122250013
587,0.04408852382584812,0.7427208634458904,0.0009754724060000215,0.076663992471176,386.9132105113276,1679.0173154170625
588,0.04408931272003516,0.7426413242663458,0.0028310501495863063,0.0761653857808082,386.7752435219278,1681.8042943750042
589,0.04408995587500411,0.7425764790445272,0.003389168426428967,0.07567388399844317,386.59486808725217,1684.6720822079806
590,0.0440882937549332,0.7427440600318332,0.0028289814632798858,0.07518884396849806,386.16117046565523,1687.4305449579842
591,0.044086369699056736,0.7429380503391839,0.001087764657774048,0.07471041043830522,385.71077840588833,1690.1984201670857
592,0.044085749329804184,0.7430005982222498,0.0009094858854615037,0.07423817594031588,385.37897528367995,1692.981784707983
593,0.04408606335764421,0.7429689367939369,0.0024198379605732028,0.07377209113590374,385.1607923953824,1695.7247863330413
594,0.04408645650428808,0.7429292983202255,0.0031348626952433663,0.07331224289938262,384.961866723557,1698.4660161670763
595,0.04408568042047342,0.7430075459114607,0.003147245473520509,0.07285813189791995,384.61917766862103,1701.2159255000297
596,0.04408464679824235,0.743111759461983,0.0026302447641077947,0.07240992722226242,384.2936140858688,1704.23420562502
597,0.04408336162511868,0.7432413352878775,0.0019583002604044012,0.07196712553664063,383.97204937196625,1707.0532034580829
598,0.04408239317068793,0.7433389783838891,0.001076745519081619,0.07152983154304113,383.704079344339,1709.9441107080784
599,0.044081532822562004,0.7434257218092842,0.00035716479935626416,0.071097845332621,383.44292939579844,1712.7162433749763
600,0.04408106494588543,0.7434728948365343,0.0005744501658798764,0.07067129666574719,383.21767807628186,1715.4511543330736
601,0.044080755258538704,0.7435041186405354,0.0014008255356639083,0.07025020336779836,383.05088322066996,1718.2607967919903
602,0.044080834319078444,0.7434961474695362,0.00233579233877861,0.06983438590005919,382.8546327098852,1721.0184097080491
603,0.044081187715741876,0.7434605167333426,0.003245760064539766,0.06942389498466153,382.63621972352934,1723.7814647080377
604,0.04408250935107484,0.743327264654968,0.004541822002334727,0.06901834760392137,382.29942345593577,1726.5631558330497
605,0.044086101829472715,0.7429650579243429,0.00639996468740174,0.06861804241620585,381.8444974591929,1729.3520680420334
606,0.044091425296278255,0.7424283266503655,0.008410002699479231,0.06822244683029383,380.9722578986032,1732.1323816670338
607,0.04409569218600777,0.7419981233178192,0.010079055377907398,0.06783232249229111,379.62767987670617,1734.9213891670806
608,0.044103826419716746,0.7411780003075839,0.011636517797530947,0.06744678633948756,377.8256078061414,1737.7040831249906
609,0.04410315229574719,0.7412459679366149,0.010067671066791264,0.06706686767788879,374.90609433676826,1740.507425207994
610,0.04412823790504192,0.7387167456220806,0.01057234738424613,0.06669158805739318,371.9555564050231,1743.2832515829941
611,0.044130533320371076,0.7384853135048286,0.01511228498206012,0.0663217255122181,367.4597132007381,1746.073959707981
612,0.044119164752805445,0.7396315338111988,0.012145145737500298,0.06595587359469832,361.51132961116616,1748.8222660419997
613,0.044091089710581476,0.7424621616201589,0.004516875047018889,0.06559583501138609,356.227347840833,1751.6712365420535
614,0.04409094415782967,0.7424768367776755,0.0023807230459581014,0.0652409607466863,350.9397473930495,1754.4921739170095
615,0.04409430003628268,0.7421384849135253,0.005603168777170974,0.0648911879991073,346.6676036481281,1757.2730475830613
616,0.04408410649057215,0.7431662352452951,0.0025894601002706946,0.06454647938742825,342.9972336267818,1760.0571611250052
617,0.04408843593398776,0.7427297250227362,0.0014904569235150889,0.0642061389567064,339.8919840978298,1762.8436609579949
618,0.04408577334303457,0.7429981771210753,0.0011843969610330469,0.06387009694915267,337.4359027602979,1765.6171428330708
619,0.044084804962227025,0.743095812794127,0.002408511994335777,0.06353812192237232,335.6343857717601,1768.4047850000206
620,0.044082681492786685,0.74330990870185,0.0012755449303666056,0.06320996904380721,334.36242934374656,1771.1752690420253
621,0.044083191769489743,0.7432584607498072,0.0018602592834519038,0.06288577981438843,333.4511112072772,1773.9664812500123
622,0.04408053018741481,0.7435268111293729,0.0020821526628393154,0.06256526315785849,332.7437524960122,1776.7490953750676
623,0.04408000898956248,0.743579360191384,0.0013945774311953229,0.06224753831444879,332.26273070459496,1779.4921032499988
624,0.04407859851473295,0.7437215693907311,0.0015467275582673667,0.06193213702101187,332.41035937190685,1782.2885791669833
625,0.04407781503358886,0.7438005628076084,0.0018531186562245458,0.061619062635380285,332.5649842943928,1785.07574066706
626,0.04407531057738976,0.7440530711852251,0.0007686289127736705,0.06130847574631305,332.7406425248396,1787.866764000035
627,0.04407645769706795,0.7439374144095242,0.0019240453450203204,0.061000899713087926,332.8821793166042,1790.6401833330747
628,0.04407511160126913,0.7440731326809792,0.0015112419381474302,0.060696564487346505,332.90278581339004,1793.4369422500022
629,0.04407385376489996,0.7441999523159168,0.0008270225075468244,0.06039520343324307,333.56187911458227,1796.2087623330299
630,0.044073371437639175,0.7442485823035943,0.0013243068143026972,0.06009656736776219,334.4745570919075,1799.0100289580878
631,0.044072953663727155,0.7442907037879998,0.001991747940823077,0.05980024156637811,335.56768648387117,1801.8007457919884
632,0.044070854951783936,0.7445023035548702,0.0004170550751965253,0.0595057789140418,336.7606929264697,1804.5966547500575
633,0.04407069121732954,0.7445188118577325,0.00116224081984438,0.05921341609295139,338.1962119644346,1807.4176357920514
634,0.044070761213294965,0.7445117546100649,0.001444834145819839,0.05892359126199452,339.827241778261,1810.1632624170743
635,0.0440698720844645,0.744601399810709,0.001439863548816143,0.05863652535468604,341.63681799263054,1812.9699552500388
636,0.04406822732304444,0.7447672306357382,0.0005433728608465219,0.058352324009803745,343.5059317836308,1815.7686808750732
637,0.04406781865852964,0.7448084336776034,0.0012982098643263204,0.05807067638885474,345.3890967376557,1818.5269096670672
638,0.04406752298812221,0.7448382442428342,0.001230646439610151,0.05779121500389313,347.14569613008183,1821.415950249997
639,0.04406672035378324,0.7449191687544404,0.0010952050176187948,0.05751386704061497,348.7764096571775,1824.2098480829736
640,0.044065501470382386,0.7450420610095194,0.0005007581950894919,0.05723853192043425,350.220508135287,1827.0093740420416
641,0.04406491517868841,0.7451011730692592,0.001154548948955505,0.05696544110959139,351.5922363910943,1829.786121583078
642,0.04406457073541322,0.7451359010923045,0.0008770107268123823,0.05669497313726058,352.8873137718012,1832.5717965420336
643,0.04406360559860775,0.7452332096932752,0.0009358842174160191,0.05642723759124962,354.1242460073855,1835.3652621670626
644,0.04406243433472281,0.7453513007756644,0.00042325436033984935,0.056162216345050926,355.24571581663196,1838.1401124170516
645,0.04406185033058103,0.7454101821960765,0.0009592466681114326,0.055899589591257855,356.279408658249,1840.9523995000636
646,0.04406172598385268,0.7454227192852249,0.0010136948749559626,0.05563900305351728,357.18570296446705,1843.745318750036
647,0.04406091789567697,0.7455041936724768,0.0012725667457321468,0.05538035354936051,357.9780920852096,1846.545751458034
648,0.044060017980270455,0.745594926414927,0.0008730118703893764,0.05512352800799214,358.59052878224674,1849.3727142499993
649,0.04405927831951001,0.74566950170144,0.00029979306208804897,0.05486872211694706,359.14525895840904,1852.167737208074
650,0.044058807190132505,0.745717002677821,0.0003731542202137723,0.054616065972260715,359.65979472846254,1854.9371550830547
651,0.0440580322743252,0.7457951325063096,0.0006871779185285098,0.054365702588927506,360.1339821098845,1857.7703932080185
652,0.04405722692984812,0.7458763302638917,0.0008049982384964304,0.05411762060500324,360.5458758490493,1860.5656923750648
653,0.04405651825164628,0.745947781776225,0.0009433153261846468,0.05387159171452419,360.8941109379297,1863.3614227500511
654,0.044055844949856024,0.7460156665101508,0.0012280896543893256,0.053627501021867176,361.1556372504401,1866.1329302920494
655,0.04405521683581004,0.7460789952514426,0.0011925220187740584,0.053385203978272226,361.2638755157882,1868.935105792014
656,0.04405434433479653,0.7461669639751396,0.0012203479001525284,0.05314483300385826,361.2608017773325,1871.7415097500198
657,0.04405351201884252,0.7462508810950667,0.001389438248722222,0.05290639532910938,361.1395123208037,1874.555785582983
658,0.044052633209217124,0.746339485875946,0.0013123265732666199,0.052670086527055876,360.9511142770776,1877.363318458083
659,0.04405190552289542,0.7464128538560184,0.0017070912117668434,0.05243587950782008,360.7218539164355,1880.2844721250003
660,0.04405118890570785,0.7464851058057513,0.002030766747213942,0.05220384966584377,360.4565842915712,1883.078663750086
661,0.04405074127364003,0.7465302376979577,0.0028524832988340207,0.05197377635876238,360.1556748490705,1885.8773607499897
662,0.04405115069359764,0.7464889584896021,0.004041830849092589,0.0517457470576243,359.81697622062967,1888.6870084169786
663,0.04405329863231086,0.7462723955008422,0.00604299566274625,0.051519504378546785,359.3377280135519,1891.4877032079967
664,0.04406004421072976,0.745592281764673,0.009202703561907957,0.051295377880447114,358.72408848905405,1894.3702870419947
665,0.04407360274893396,0.7442252606580444,0.013195629059041095,0.05107290747352345,357.6219645775048,1897.1697918750579
666,0.04409744468962577,0.741821429532754,0.017620509124968757,0.05085287348878498,355.7910809894834,1899.9916637920542
667,0.044100021134372475,0.7415616630080918,0.017754233254417797,0.05063436554759617,352.6948664678117,1902.802814166993
668,0.044068175817412056,0.7447724236208166,0.010713308807799379,0.050418749947293756,348.4725390352032,1905.7672228330048
669,0.04404328222574655,0.7472822860199947,0.001277068983912545,0.050205098103156695,344.59109448499373,1908.5846745420713
670,0.0440680549901993,0.7447846058596099,0.011716938102583386,0.049993835344302434,341.5223148085029,1911.623466958059
671,0.04407045180763867,0.7445429500130132,0.01229290208674432,0.04978537264717502,338.813751268916,1914.4174417920876
672,0.04404035336832142,0.7475775840719056,0.001910860229941935,0.049578696485397235,337.6039417910576,1917.267626792076
673,0.04405475527494609,0.7461255314955063,0.008601377571004482,0.04937429996605875,337.96688016718394,1920.2545162499882
674,0.04405713927982872,0.745885167457453,0.009114395811158723,0.04917246272217445,338.23038120158736,1923.0832592500374
675,0.04403794507297258,0.7478203971630569,0.0009529720992386441,0.04897247714030501,338.5455738653898,1926.1758694580058
676,0.04405448530386709,0.7461527509610277,0.00904069759947754,0.0487747359995551,338.84579498514313,1928.9757395420456
677,0.044044408011399735,0.7471687802182433,0.006147515194103419,0.04857961502642398,339.0398503912711,1931.7815722080413
678,0.04403765004674602,0.7478501427796302,0.0031881865386834685,0.048386361004008525,339.2730148114702,1934.616761167068
679,0.04404688803744328,0.7469187349777129,0.008292987633512057,0.04819496213748999,339.51672586665876,1937.452085542027
680,0.04403493170120174,0.7481242162585093,0.00331069033858281,0.048005764760984636,339.6640606831354,1940.3908519169781
681,0.04403648986917971,0.7479671160990763,0.00464604484841594,0.04781820050832821,339.8436530731246,1943.2175155420555
682,0.04403881991930868,0.7477321919754114,0.0063528778362883466,0.047632250158841614,340.06034285198297,1946.0606084580068
683,0.04402870312684942,0.7487522037653919,0.0010973611790904125,0.047448441666869665,340.19499554474794,1948.9718888750067
684,0.04403356541389501,0.7482619703111874,0.0044254880702748875,0.04726642665254304,340.2806135196268,1951.7537665420678
685,0.044029637310285696,0.7486580159956178,0.004338402593278653,0.0470859872933356,340.3416174791297,1954.6049071250018
686,0.044025500761546564,0.7490750778757281,0.0008438042722270871,0.046907380836087156,340.32331843870475,1957.4451215830632
687,0.04402942765097521,0.7486791546094066,0.004718375591804053,0.046730355472189664,340.3052507114761,1960.242507042014
688,0.04402584324467954,0.7490405474813453,0.0032925745142022888,0.04655467999578199,340.36337478495597,1963.0764245419996
689,0.044021863238200135,0.7494418262018038,0.0009534102589995348,0.046380748036293544,340.4310067989545,1965.9048424999928
690,0.04402454957211138,0.7491709802521284,0.002911770128677714,0.04620847709975949,340.50232306238905,1968.7160442920867
691,0.04402080040099829,0.7495489853118753,0.002017109078016643,0.046037653213837626,340.59282389106687,1971.58008862508
692,0.04402001017958526,0.749628658307168,0.0012329626508303005,0.045868377305409595,340.6561086924763,1974.4298056670232
693,0.044021081604659534,0.7495206333365817,0.0032958243422491155,0.04570054333814362,340.7254478351822,1977.2325583330821
694,0.04401878780595792,0.7497519024595679,0.0020274811299014115,0.045533978472433914,340.8653159081044,1980.1059217919828
695,0.04401650777796168,0.749981783169983,0.00046224711251934285,0.04536895464011526,341.0428366548629,1982.9170177920023
696,0.04401700591377653,0.7499315593064205,0.0016182161005163231,0.04520548474927558,341.2600043509017,1985.8911978750257
697,0.04401525814022256,0.7501077761892369,0.001714936334543198,0.045043514340230906,341.51627934724314,1988.7690935829887
698,0.04401391622498478,0.7502430729613313,0.00036427378203249966,0.04488311343220708,341.77205094183176,1991.5726435830584
699,0.044013772245949837,0.7502575894509939,0.0015493334951658972,0.04472414175459043,342.0478732845661,1994.4984787499998
700,0.044012767824633287,0.7503588588591699,0.0014478048064177663,0.044566519834023086,342.36121618781726,1997.2997614169726
701,0.04401151180607295,0.7504854952160132,0.0008638009457507397,0.04441038451874298,342.68189711346605,2000.205104792025
702,0.044010882375966384,0.7505489566473166,0.00048059595620859755,0.044255689583418426,343.0079390402942,2003.132628499996
703,0.04400977024482071,0.750661085751987,0.0010981140878754446,0.04410246187733476,343.30364350121636,2005.9533383750822
704,0.04400914763256874,0.7507238597824075,0.001114967663339731,0.043950717442720416,343.54253561044453,2008.9277487080544
705,0.04400834938572111,0.750804341931189,0.0005588092066376395,0.0438003824331256,343.7426668514474,2011.734481416992
706,0.04400702935004483,0.7509374327263618,0.00021673080423205494,0.04365152034206175,343.89850321980293,2014.7743599170353
707,0.04400642017840718,0.7509988516251901,0.00039732284888920803,0.04350412648132564,344.0210403995666,2017.7583803749876
708,0.044005694901318046,0.7510719766976773,0.0009144175828374326,0.0433581842258346,344.1145944543633,2020.8510401250096
709,0.04400438160237434,0.7512043882709841,0.0004821746777455033,0.04321370046606394,344.17128538458104,2023.8957160830032
710,0.044003769477688165,0.7512661049068993,0.0002867182016156382,0.043070607701665355,344.2111083045519,2026.7667753749993
711,0.04400287107516365,0.751356685115087,0.00028082378650150913,0.042928949867127,344.23795121348843,2029.551648875
712,0.044001754342997454,0.7514692781113711,0.0004597773473715644,0.04278880681778087,344.26070578589673,2032.4458795830142
713,0.04400116410676022,0.7515287878743,0.000847223197881227,0.04265022566432504,344.29361334417354,2035.3110067499802
714,0.04400011174792498,0.7516348905173619,0.00034681753874694926,0.04251322159396081,344.33316150197845,2038.1914165420458
715,0.04399912670714992,0.7517342059088972,0.00014857087420913116,0.04237767412518137,344.39771718649564,2040.9684663329972
716,0.043998314573012856,0.7518160882246794,0.00022558165589857746,0.04224355866878541,344.4859276395195,2043.8412062920397
717,0.043997295725110186,0.7519188121737083,0.0004014397848718124,0.042110946113033,344.5936801940216,2046.6073285000166
718,0.04399645397986681,0.7520036799888642,0.000720781668780731,0.04197994486836515,344.71780131855223,2049.484884542064
719,0.04399540830884293,0.7521091083424747,0.00046040514001299414,0.041850635284467516,344.8458667113696,2052.2384644170525
720,0.0439944424045938,0.7522064943199054,0.00041250710490753616,0.04172292413706909,344.99723204961333,2055.101022250019
721,0.04399348507875476,0.7523030153908481,0.0004043151573695892,0.04159676478189036,345.1721066925619,2057.859912542044
722,0.043992362989251035,0.7524161485333752,9.72027673622288e-05,0.04147211607509373,345.3760896323151,2060.9526388749946
723,0.04399146073155116,0.7525071174343562,0.00031131198377928795,0.041349055187032024,345.59223740344635,2063.7477828750852
724,0.04399042354108283,0.7526116907475296,0.00019977176756672002,0.04122768225819741,345.8058550250993,2066.670971167041
725,0.04398945114068184,0.7527097316906041,0.00036369939815498255,0.04110800195914252,346.0176281875784,2069.4346517920494
726,0.043988511941995656,0.7528044251161042,0.0006237572580499081,0.0409899289742615,346.2239615122715,2072.326707458007
727,0.04398754741916522,0.7529016718138807,0.0007330952067276693,0.0408733290097624,346.4329920585393,2075.1129289580276
728,0.0439866629849702,0.7529908436843145,0.0006252844315866303,0.04075824593070544,346.62430788780625,2078.0196660420625
729,0.0439857135147708,0.7530865727211138,0.0008418470085397475,0.04064463326675543,346.80772511891803,2080.805627249996
730,0.043984883065779176,0.7531703016071064,0.0010692043306393386,0.04053254169778389,346.96889576145566,2083.655735875014
731,0.043984029601076335,0.7532563510207655,0.0012652439712369382,0.04042183084552262,347.1299373593591,2086.538265958079
732,0.043983347647668494,0.7533251080422243,0.0014914497685401603,0.04031253451992415,347.26482030893675,2089.319127750001
733,0.0439827505055666,0.7533853140795312,0.002165469990372683,0.04020447524240849,347.40385596738116,2092.1906591249863
734,0.04398262411928571,0.7533980568037805,0.0029521581681846315,0.04009785873588723,347.51260847394144,2094.9587283750298
735,0.04398307539457938,0.7533525575883007,0.0041963580861998084,0.039992382210737955,347.6514805483055,2097.8111807079986
736,0.04398595264998413,0.7530624622396562,0.005899085005596122,0.0398883256087062,347.73963466509855,2100.578272041981
737,0.04398901642037142,0.7527535617724962,0.008218899647034645,0.03978521599555962,347.88678671996536,2103.4496897920035
738,0.04399904587209082,0.7517423559933891,0.010638937713628688,0.03968360884033745,347.93182190677004,2106.182510958053
739,0.043998166823951246,0.7518309848221344,0.011896484421160342,0.03958281240304589,348.1023115790307,2109.011710333056
740,0.04399856564252885,0.7517907744834464,0.011374040450444614,0.039483590366510016,348.1202530334493,2111.801698125084
741,0.04398621101402675,0.7530364130377338,0.00849963530451051,0.03938512660059628,348.2876059086767,2114.634499583044
742,0.043976748059203645,0.7539905025405572,0.003349793499194892,0.03928795550321021,348.3430162274821,2117.523206542013
743,0.04397452566471799,0.7542145724309385,0.0016983888163437503,0.03919183069988454,348.4447384528829,2120.3191045420244
744,0.04397924017098516,0.7537392387719931,0.006215227913633881,0.03909685067347946,348.55718686186924,2123.2199114999967
745,0.04398541156473412,0.7531170164213907,0.008858421315653259,0.03900321671499255,348.56908891591746,2125.9995455420576
746,0.043983254220891915,0.7533345276694425,0.008350389398255604,0.03891051511151558,348.69382033058025,2128.848924208083
747,0.043980516174152245,0.7536105874944541,0.005377131448887268,0.038819155892730974,348.70196305105014,2131.6566012080293
748,0.04397464757956432,0.7542022805329748,0.0019277487391031124,0.038728549245440815,348.7675322031345,2134.447748458013
749,0.04397067699965414,0.7546026088324586,0.0013649254418967435,0.038638852388718295,348.842627047017,2137.295705042081
750,0.043975281369278814,0.7541383795501527,0.002482310540561343,0.038550139780132185,348.91120121841504,2140.051367042004
751,0.043980752840725945,0.7535867259102177,0.004786892353100136,0.0384622881300098,348.9838682591541,2142.9431158750085
752,0.04398581201865345,0.7530766412016059,0.009383113655930548,0.03837543927139505,349.05802176397657,2145.717745042057
753,0.04399538116136438,0.7521118454499424,0.012776311967984068,0.03828938366248144,349.2713620716097,2148.5557775000343
754,0.04398408950197699,0.7532503115942233,0.004746185736432128,0.038204510501467684,349.29030587033014,2151.3957008750876
755,0.04398814959399085,0.7528409583590733,0.005898064546004068,0.038120197158651344,349.4767614815471,2154.219732250087
756,0.04398843316986885,0.7528123672082633,0.005018062624827193,0.038036455760383545,349.9692862235316,2157.027458333061
757,0.04398878387275,0.7527770080689911,0.006543635723482984,0.037953671375689425,350.607685208298,2159.8699752499815
758,0.044012026224899956,0.7504336296399772,0.013684567981697579,0.03787150956704421,351.29851918971934,2162.6326821669936
759,0.043990136300086635,0.7526406514288786,0.009864407790220898,0.03779016557350177,351.65612706167286,2165.4605983330403
760,0.04397956567866089,0.7537064199049153,0.00405477911210592,0.03770923245624704,352.0583528981293,2168.2994888330577
761,0.04397437744412419,0.7542295165699827,0.0030229023794841096,0.037629223561808645,352.4131723748195,2171.133178042015
762,0.04397979859615725,0.7536829363162841,0.007923875978829882,0.0375500729552038,352.7772851752616,2173.9705782500096
763,0.0439866725351757,0.7529898807978811,0.008718631963816175,0.037471480556412154,353.23973020430634,2176.7724534580484
764,0.04396917966795921,0.7547535752566968,0.002849586915745151,0.037393791993213576,353.47679831629773,2179.5675882080104
765,0.04396953904135595,0.7547173419245263,0.002796527013009368,0.03731680840215733,353.6644901458789,2182.3687931670574
766,0.043983602295353724,0.7532994335369626,0.008585457213139443,0.03724043162545471,353.84490629106324,2185.1879312080564
767,0.044039175234565686,0.7476963677996395,0.0176582771357398,0.03716467801644107,353.9244682281964,2188.013903208077
768,0.04401479579422303,0.7501543915935232,0.014510260453599768,0.03708914003414166,354.16817569896887,2190.8328950420255
769,0.043991068392169624,0.7525466745169448,0.012066092594294827,0.037014604171677686,353.99716142577233,2193.604817082989
770,0.044125048244288013,0.7390383388136106,0.02621950160012676,0.03694091216518142,353.7351488427714,2196.436441833037
771,0.04402502364210913,0.7491231827917249,0.014976398994514912,0.036867153667174565,354.0610548313469,2199.249905625009
772,0.043975745121907245,0.7540916223244274,0.002306049843616899,0.036794158963882696,354.439785290097,2202.058454666985
773,0.04398789249154068,0.7528668803626591,0.007569675255300815,0.03672174385036306,354.9403244206674,2204.8872406249866
774,0.043985971683535394,0.7530605432078316,0.009242933291402307,0.0366496282979964,355.4836383410735,2207.7206998750335
775,0.04396704801411873,0.7549684963453924,0.001140240542476057,0.03657795520454351,355.71893661347394,2210.5255780000007
776,0.043977391518144435,0.7539256266711928,0.005980671003826354,0.0365065593426588,355.7510722843734,2213.3524997080676
777,0.043970470892711014,0.7546233892836569,0.003298905186885752,0.036435526930722446,355.7094178724783,2216.1130421670387
778,0.043966235910651616,0.7550503755689185,0.00242453200258336,0.036365253184430506,355.5284154833357,2218.9005187500734
779,0.04397141042914228,0.7545286618054697,0.006156107365155058,0.03629573954293101,355.3115620515451,2221.669104667031
780,0.04396311570864475,0.7553649656770918,0.0012529628000668106,0.03622673910103584,355.19345340624125,2224.466203958029
781,0.04396726840546626,0.7549462756886182,0.006083735009236047,0.0361582972244138,354.98732856458764,2227.262230167049
782,0.04396247993687178,0.755429066498254,0.0035653003428342857,0.03609040842124179,354.5502018211282,2230.0238823749823
783,0.043960349752783415,0.7556438394011985,0.003040389518953619,0.036022772909541596,354.0291076695192,2232.8765903749736
784,0.04396566028173809,0.7551084125683744,0.006172344509427314,0.035955297535488664,353.44070646145406,2235.658686583047
785,0.043960734561263544,0.7556050416114646,0.004507068178823134,0.035888102105915906,352.73285383232627,2238.476126958034
786,0.04395708292504409,0.7559732128486983,0.0015233253964454477,0.0358211168671682,352.12844868681935,2241.3346230000025
787,0.0439618093748354,0.7554966750002345,0.006344694361782827,0.0357545730766113,351.61628597065123,2244.1446250830777
788,0.04395607692206838,0.7560746417255007,0.004225300222626504,0.03568864482395303,351.145064278842,2246.9806931670755
789,0.04395186557128199,0.7564992454199188,0.0025691905803186003,0.03562305499965309,350.8855092985558,2249.854804417002
790,0.04395819687344259,0.7558609005219928,0.005913024757543481,0.03555766250508633,350.8027887707465,2252.651330917026
791,0.04395546322281259,0.7561365171152477,0.005361332447602204,0.0354924921606829,350.7458440481091,2255.4640085420106
792,0.043950141522429695,0.7566730702920729,0.000954233891716275,0.035427395592100536,350.795525442302,2258.259780624998
793,0.04395481813575096,0.7562015571376733,0.006405020936387037,0.03536254192066683,350.79651985393303,2261.0641739580315
794,0.04394993175994722,0.7566942193080363,0.004692696515958219,0.03529805440052805,350.66195479549117,2263.9494510000804
795,0.04394658821014798,0.7570313281524995,0.002102745909187704,0.03523374209304039,350.62157698323017,2266.7326440829784
796,0.04395166805671077,0.7565191595569486,0.0061181981120472,0.03516966736957051,350.6593462231052,2269.5570108750835
797,0.04395097361441456,0.7565891757535294,0.005834479542387217,0.03510597913870509,350.66375682885536,2272.350628916989
798,0.04394410272104496,0.7572819241985445,0.0011366446686761698,0.035042505757658764,350.76900682683697,2275.1615513330325
799,0.043948594801774196,0.7568290162908435,0.006895448237199423,0.03497928683568639,350.84640863815673,2277.9872479999904
800,0.043948143944759224,0.7568744733339448,0.00633363696094411,0.034916326887053525,350.82157473777045,2280.8379230420105
801,0.04394087227837219,0.7576076291713754,0.0008973772808884814,0.034853390863285705,350.91796329206,2283.7047356250696
802,0.043945824019756045,0.7571083766056234,0.005833120630406817,0.03479063257022936,351.04749828062404,2286.529769625049
803,0.0439483352238378,0.756855187881949,0.006038037705236522,0.03472822152037765,351.1035021709816,2289.3308036670787
804,0.043939061841895055,0.7577901639578828,0.001192531609125626,0.03466600657568098,351.23383233499305,2292.1336165830726
805,0.0439460932103912,0.7570812358272868,0.007357490311737522,0.034604064047563,351.30671071495703,2295.034391500056
806,0.04395074978848894,0.756611742696951,0.009192628028789661,0.034542429659788924,351.25420802356246,2297.830642833025
807,0.04393559336914954,0.7581398679878805,0.001566789012542875,0.03448086048641165,351.32388781276927,2300.6943442500196
808,0.04394362379496755,0.7573302112665506,0.007782617766261815,0.03441956244927312,351.315330396791,2303.5064352500485
809,0.04394761395764103,0.7569279085616882,0.008368879378351967,0.034358626642560404,351.11452962152936,2306.294612083002
810,0.04393315564375258,0.7583856483234608,0.0003724523223434123,0.034297785063918965,350.97617407667764,2309.0898660420207
811,0.04394673280193555,0.7570167498828898,0.00935316678290172,0.034237139268146116,350.7595065607294,2311.8799624170642
812,0.04395028034161663,0.7566590740370422,0.009654101881378527,0.03417679875821893,350.362513180121,2314.6739239169983
813,0.04393268940646955,0.7584326560610947,0.0009384421619461855,0.03411651875615509,350.1053524544434,2317.4496323330095
814,0.04395185836011117,0.7564999724763725,0.01142950045076842,0.0340564750519288,349.819932493055,2320.2702351670014
815,0.04395327700750171,0.7563569392897174,0.010773422075330214,0.033996804727206585,349.3678871302422,2323.087569458061
816,0.04393264274025282,0.7584373611186958,0.0021291148023888573,0.03393717519953841,349.12106071890065,2325.9280663330574
817,0.04395849871351311,0.7558304679089033,0.013459942231590515,0.033877755888267164,348.9080877556,2328.799139833078
818,0.04395427911703413,0.7562559029640208,0.010995046687596948,0.03381877755651637,348.51638317567773,2331.599472666974
819,0.043935117421264394,0.7581878547837172,0.004035318998270802,0.03375990749505125,348.33426851640957,2334.414343958022
820,0.0439632523801628,0.7553511859578453,0.01474379376176873,0.033701237515168646,348.2095804607695,2337.235033291974
821,0.048299870254199476,0.31811760842110337,0.058536572797670945,0.03364296900137286,347.8770144757266,2340.0451836669818
822,0.04401497227456378,0.7501365982040679,0.015231657792628663,0.03359057780183044,347.57122499125734,2342.840800957987
823,0.04398082752712245,0.7535791957562393,0.008571422072342658,0.033537937407077355,347.73827707850364,2345.747879292001
824,0.04401283094106728,0.7503524952308681,0.016492083005762336,0.03348581391834169,348.0411901475427,2348.547148582991
825,0.04401114109793517,0.7505228713579769,0.013383250918055251,0.033434455801248465,348.5627091255025,2351.320458500064
826,0.043993807558021056,0.7522705018590174,0.010860682667706284,0.03338351099353521,349.80553372034484,2354.1048181670485
827,0.04399117299777977,0.7525361277990916,0.014891699160882019,0.03333307655021531,351.5767709920003,2356.8955454169773
828,0.04397066729244847,0.754603587548219,0.007327652921784769,0.033283539945556634,353.4042771954849,2359.6778102919925
829,0.044001081810698506,0.7515370852623859,0.01344959148766983,0.03323483089679946,355.48777368356895,2362.4860264579765
830,0.04397845392448567,0.7538185110020542,0.007374279177230287,0.033186692193871485,358.13441809722525,2365.256116833072
831,0.04398501642862582,0.7531568554801381,0.011723160804231665,0.03313927980224424,361.0812840183726,2368.0581228330266
832,0.043970038693868764,0.7546669651419624,0.007453547552550094,0.033092829816931825,363.822770529443,2370.821949791978
833,0.04398217981532433,0.7534428531441983,0.010009054711088974,0.0330471297357217,366.46570527704466,2373.5819356670836
834,0.04397235619381773,0.7544333063730646,0.00820531241020148,0.033001784749902736,369.35168234914136,2376.4491085830377
835,0.04396775288621635,0.7548974285783213,0.008434178210643581,0.03295685182811574,372.3149380934075,2379.2701187500497
836,0.043965957816517964,0.7550784140303372,0.008506726335874766,0.0329126212966586,374.8693010524487,2382.0788482920034
837,0.043963176160175914,0.7553588707339803,0.00647715508272235,0.032869012439635775,376.9322992058648,2384.865979333059
838,0.04396244596296631,0.755432491870898,0.00727984201612665,0.03282571139556127,378.78804839843815,2387.6442080000415
839,0.043961340034147534,0.755543995634425,0.007265745246619504,0.03278273798800309,380.4615621565135,2390.4244334580144
840,0.043947654061926994,0.7569238651017998,0.002270545732792211,0.03274037519244415,381.631749706839,2393.2027066249866
841,0.04395505200744813,0.7561779773430483,0.0036095087687325975,0.03269861099242983,382.2283605171479,2395.999070167076
842,0.04394521843815065,0.7571694335443505,0.0023632695050378747,0.032657262000175206,382.3129956855257,2398.7711018330883
843,0.04395143839296249,0.7565423150908707,0.005055110613336072,0.03261624063191023,381.9377596396908,2401.5692399999825
844,0.0439409560283481,0.7575991851943759,0.0012621622232481234,0.032575606330893826,381.08824593824636,2404.332643667003
845,0.04394403746255905,0.7572885037963063,0.003921131247012922,0.0325353537408208,379.9921864405021,2407.208971083048
846,0.04393808367945877,0.7578887858503003,0.0013045448348058678,0.03249548525858637,378.7800909416127,2409.980847583036
847,0.04394050204018955,0.7576449579307538,0.0047369132903445615,0.0324560280791247,377.42838882269393,2412.881974500022
848,0.04393453095861549,0.7582469840797537,0.0014974628589841613,0.032416958272024995,376.0036542327551,2415.670024167048
849,0.04393554603146442,0.7581446407453653,0.003963954845999035,0.03237817505391759,374.7277004377593,2418.5513575830264
850,0.04393195211748833,0.7585069922162048,0.0014914690565100725,0.032339654609569474,373.6850304462855,2421.3387169580674
851,0.043930859692954335,0.7586171344286524,0.002887829953003243,0.03230142546608043,372.75761198278644,2424.190214833012
852,0.04393005030174095,0.7586987401928988,0.0019888045816011495,0.03226339395320243,371.8882497006233,2426.995630417019
853,0.043927485750325214,0.7589573075887011,0.0017010269248245763,0.03222539238831461,371.152882989781,2429.799740708084
854,0.0439270294801357,0.7590033104077363,0.002783198634201761,0.032187391648290244,370.564169524081,2432.709149167058
855,0.04392452892511604,0.7592554254542616,0.0004108818647460262,0.032149463962258915,370.0776344104645,2435.4962306669913
856,0.04392441472050148,0.7592669399786316,0.0026339728714129215,0.032111585954992826,369.7511879039979,2438.291389167076
857,0.04392227044072223,0.7594831340603686,0.0008858723851290843,0.032073698536499474,369.60369132166346,2441.05513958307
858,0.04392236650709525,0.759473448299442,0.0025960399587737475,0.03203581737050677,369.5317415621571,2443.8485860830406
859,0.0439206918558977,0.7596422927204864,0.0013676932247412446,0.03199797248122531,369.4710928121182,2446.6274297080236
860,0.043920241340751,0.7596877152951854,0.00169629685940562,0.03196015056547554,369.4697459694186,2449.4104775830638
861,0.04391987729137807,0.7597244200762729,0.0018091749651415992,0.03192235619753628,369.518163933382,2452.1711763750063
862,0.04391828160442289,0.7598853030353686,0.00018425768855822423,0.03188459752947033,369.53401400106105,2454.9758390419884
863,0.04391839323783284,0.7598740477491938,0.0014444245196831745,0.03184682844561952,369.52253832932195,2457.768727875082
864,0.04391718080865738,0.7599962892658073,0.0010645573264562985,0.03180903712790408,369.4920816460312,2460.5780267920345
865,0.04391692064566194,0.7600225198446922,0.0012975908129004023,0.031771266064045914,369.40490210966533,2463.381688333
866,0.04391661294801313,0.7600535430401172,0.0017859886971765301,0.031733510377376886,369.28043554919515,2466.2873559170403
867,0.04391563447260505,0.7601521964874886,0.0004959146473000279,0.03169571678199115,369.1790964552809,2469.067698625033
868,0.04391557179380792,0.7601585159916503,0.0018086517687262815,0.031657895633159294,369.0640766516567,2471.871066792053
869,0.04391482148531656,0.7602341648210986,0.0005942998588065686,0.031620086590314164,368.8817387576845,2474.732392832986
870,0.0439142975174318,0.7602869931678479,0.0009370053364326881,0.03158228043728521,368.6723906266112,2477.5436420830665
871,0.04391417534196182,0.7602993113428351,0.0012350755543938466,0.03154446866553402,368.4648812605477,2480.3830477080774
872,0.04391327591512595,0.7603899948258173,0.0005170481794586405,0.03150665544277676,368.24525566948415,2483.167534957989
873,0.04391295526123498,0.7604223243166719,0.000888742462108588,0.031468814934019915,368.0440980036446,2485.947099208017
874,0.04391257315845592,0.7604608493077892,0.0012562581597938246,0.03143094563353918,367.854743695726,2488.7374084580224
875,0.043911825647558377,0.7605362160736592,0.00032733739257434367,0.03139306899864129,367.6336425963649,2491.5069131670753
876,0.04391163128852785,0.7605558120576064,0.001173233638729604,0.03135516848430963,367.40333273226224,2494.300585250021
877,0.04391097070103771,0.760622414889578,0.00048290593996863103,0.03131722924580811,367.1961856110763,2497.0736388330115
878,0.04391048192303032,0.7606716952649764,0.0005669505392314402,0.03127928165567625,366.981389789524,2499.8459446249763
879,0.04391015267773859,0.7607048909720855,0.0006877958413919306,0.031241340608234188,366.74789212754587,2502.690408458002
880,0.043909510676688676,0.7607696198515923,0.0002573410833164627,0.03120339410526361,366.5154886933942,2505.5409302080516
881,0.043909127537056135,0.7608082493820462,0.000527259108257789,0.031165443167134942,366.2796918833684,2508.3399998750538
882,0.043908681285255116,0.7608532421107369,0.0008680463018836321,0.031127486525634882,366.04849053903894,2511.133628666983
883,0.04390810315921879,0.7609115308791904,0.00020507736050091313,0.03108951585584352,365.84553156768015,2513.9190848750295
884,0.043907707728764844,0.7609513996149349,0.0007907863622845611,0.03105154482787912,365.6472895801144,2516.69605925004
885,0.04390725061509457,0.7609974874767667,0.0005887448596002202,0.03101357459486302,365.4432098851048,2519.4723252500407
886,0.04390667910775148,0.761055108924509,7.341591459596587e-05,0.03097558864336632,365.2610045853076,2522.262259333045
887,0.04390629528205899,0.7610938076260204,0.0005415407814881456,0.03093759850661268,365.0946943553806,2525.034502124996
888,0.04390581688312688,0.7611420415453221,0.0005826538304163503,0.03089961701288494,364.93298468065086,2527.8272224169923
889,0.043905275963222225,0.7611965790563368,0.00018700556213774026,0.03086163587229158,364.7859322620269,2530.61329524999
890,0.04390484932643568,0.7612395941279683,0.0005644323127252463,0.030823661066462043,364.6358674913897,2533.397980333073
891,0.0439043825222806,0.7612866590197026,0.0005928964151835153,0.030785697502333353,364.4794018489449,2536.184546833043
892,0.04390385573230799,0.7613397718996068,0.00012749438028635386,0.03074773909851788,364.3409563519839,2538.954148333054
893,0.04390338238833796,0.7613874961592568,0.0003818829471480361,0.030709795121922956,364.2113651309805,2541.7487539580325
894,0.04390293478686298,0.7614326249669817,0.0004867733049860104,0.030671866660048893,364.08282638424635,2544.529358708067
895,0.04390238375626439,0.7614881818749117,0.00033248243085934505,0.03063394632530103,363.96195815146785,2547.3187880000332
896,0.04390189243052355,0.7615377191220571,0.00026093877640207994,0.030596046571713414,363.8313372272781,2550.100294874981
897,0.04390142735208985,0.7615846100202892,0.0005083665073743996,0.030558170505842145,363.6932217200886,2552.8787527499953
898,0.0439008967108164,0.7616381112023436,0.00036454840441247645,0.030520310879514713,363.56198534474737,2555.6381192500703
899,0.04390035980356563,0.7616922441430081,0.00010705326717167995,0.03048247407627126,363.4243443006609,2558.3889064580435
900,0.04389986347224051,0.7617422860713564,0.00025549770312445795,0.030444658608350234,363.2844968361932,2561.2323501249775
901,0.043899347301288874,0.7617943283029661,0.00041462040368317357,0.030406863900061063,363.14872907598294,2564.0623562920373
902,0.043898797815517254,0.7618497294558252,0.00026156593298469656,0.03036909534634468,363.009837351894,2566.9157075830735
903,0.04389825086644458,0.7619048748494756,8.689507285463205e-05,0.030331345483424293,362.87790938450996,2569.696897375048
904,0.04389772417222387,0.7619579780753252,0.00035990324842426983,0.03029361750788027,362.7452083336067,2572.5999193330063
905,0.04389718035703406,0.7620128074995138,0.0002847535518558304,0.03025591891459896,362.60045222448207,2575.366152249975
906,0.04389660495188699,0.762070821938022,0.00019556308449787267,0.03021824635732617,362.45290207105546,2578.14616004203
907,0.043896035152209884,0.7621282712126729,5.869359770766749e-05,0.030180603618306014,362.29846879130105,2580.939911750029
908,0.04389546831355885,0.7621854219459114,0.00020970700860980593,0.030142989007703607,362.1413635978439,2583.717890958069
909,0.04389489650071404,0.7622430741954478,0.00037085574778329764,0.03010540172811976,361.9828392978262,2586.485094500007
910,0.04389429716543887,0.7623035013564564,0.0001953899276145818,0.030067846288454884,361.8124350859809,2589.27701912506
911,0.043893689579886194,0.7623647603404325,8.901478990219826e-05,0.030030315664654625,361.6390659966649,2592.049390917062
912,0.04389307929176985,0.7624262918067012,8.922385062993492e-05,0.02999281116081032,361.46042627003874,2594.844405458076
913,0.04389246633932184,0.7624880919005737,0.00019105658265240941,0.02995533508259944,361.276289181604,2597.6199930000585
914,0.043891840138698825,0.7625512277236066,0.0003055362356636541,0.02991788894991614,361.0881970507401,2600.3700972080696
915,0.043891196209483875,0.7626161510077213,0.00020852618954123977,0.029880478902767224,360.8877262666818,2603.1594640420517
916,0.04389053748712851,0.7626825657900251,0.00014529868240578363,0.02984310142765139,360.6820616608457,2605.930770416977
917,0.04388987138919095,0.7627497242053364,4.5535825800972536e-05,0.029805759922611322,360.4656401873855,2608.730027124984
918,0.0438891963114868,0.7628177879933558,6.346774553668059e-05,0.029768452950047104,360.2380894097622,2611.5060606669867
919,0.04388851419537758,0.7628865614189592,0.0001955656624570295,0.02973117891689569,359.995910297149,2614.290950417053
920,0.04388781927645169,0.7629566256710768,0.00019746467526021602,0.02969393805361162,359.73278542399675,2617.194811083027
921,0.04388711416705379,0.7630277173636244,0.0002473233375696954,0.029656726867915453,359.4518280078762,2619.9808306670748
922,0.04388639656350033,0.7631000687623519,0.00023818070000831515,0.029619549245092903,359.1450567198059,2622.8988267499954
923,0.043885670788783304,0.7631732440074919,0.0002629886236687669,0.029582401520722904,358.8163350767661,2625.69526829198
924,0.04388493817804819,0.763247108484824,0.0002044897609649974,0.02954528794520399,363.7506607348179,2628.464550166973
925,0.043884203079430986,0.7633212237994722,0.00024375599645630404,0.029508205905936207,376.45206323446916,2631.3824753330555
926,0.04388346930360368,0.7633952057456347,0.00022324395574665625,0.029471159859535433,389.8632087389326,2634.1725136670284
927,0.04388274198908014,0.7634685362396643,0.00025839944891601886,0.029434146158448204,404.031950464434,2637.1465290000197
928,0.043882027785824396,0.7635405448080159,0.0002705551776544554,0.029397168154330404,419.010583587078,2639.890248917043
929,0.04388133496993511,0.7636103970243385,0.00039953566850102804,0.029360221895991755,434.85388134799297,2642.6246237080777
930,0.04388067681441951,0.7636767546557971,0.0005090178954132381,0.029323312786511454,451.6215737393956,2645.3535527919885
931,0.04388007320542758,0.7637376127084639,0.0007465111120589178,0.029286433685381322,469.37556614260393,2648.0790316669736
932,0.0438795880542969,0.7637865274089695,0.0011195564124686097,0.02924959431171055,488.1840768875815,2650.8195692499867
933,0.043879290654723985,0.7638165123149492,0.0018136299763484756,0.029212781241009043,508.11626545241506,2653.5349567920202
934,0.04387968376423084,0.7637768775855266,0.002778426227895469,0.029176016941847974,529.2501181073135,2656.538845375064
935,0.043880524218219225,0.7636921399593926,0.004336294045696944,0.02913926643231722,551.6594947000117,2659.4077599999728
936,0.04388552628076779,0.7631878138308982,0.006034056251857463,0.02910257940773452,575.4351173410438,2662.201581125031
937,0.04388335381484726,0.763406849741855,0.006935274525523505,0.029065878202929503,600.6476421094884,2665.1364588330034
938,0.043885666802089614,0.7631736459604413,0.006235081764247421,0.02902925639656524,627.4049242733777,2667.9483121670783
939,0.04387777982639343,0.7639688395190514,0.003621743997707182,0.028992612048788738,655.7687562191701,2670.7984024169855
940,0.043875131387703326,0.7642358647347833,0.00020782912498810407,0.02895602011703062,685.8394467197681,2673.5618907080498
941,0.0438760589240062,0.7641423471531608,0.0028887628474532634,0.028919453737020942,717.6873887711666,2676.342657333007
942,0.04387721386256711,0.7640259020492823,0.004896409051494018,0.02888289529883545,751.377992159418,2679.095022667083
943,0.04387852574335767,0.763893633459331,0.004900183515976534,0.028846401311414784,786.9701643057393,2681.869937667041
944,0.04387407712246885,0.7643421595879455,0.003067598547903569,0.02880989723270748,824.4779833295937,2684.673122875043
945,0.04387183713257116,0.7645680035117273,0.0005398995992003773,0.02877344161771218,863.8606614271852,2687.454439375084
946,0.04387169398962916,0.76458243570346,0.0015498963344653682,0.02873700800248153,904.9815868230805,2690.2343772500753
947,0.043872308116396294,0.764520517210465,0.0033328465810484637,0.028700589306640174,947.5172599602207,2693.030326917069
948,0.043873228512285575,0.7644277195512962,0.004060425764593871,0.028664220760689942,990.730661707343,2695.821956333006
949,0.04387094194253405,0.7646582598252579,0.0033495828668484535,0.028627853297733572,1033.5359099730595,2698.6245046670083
950,0.04386919577634917,0.7648343146472789,0.0016734045663743353,0.02859154362398333,1073.4237848575674,2701.3913122920785
951,0.04386806976961885,0.7649478427388308,0.00015390383442673593,0.028555253388066103,1107.610506872244,2704.2189965420403
952,0.043867962349081926,0.7649586732678338,0.001751642438558595,0.028518991202438043,1132.597144703136,2707.0100437080255
953,0.04386843652439747,0.764910865188908,0.0027734135774307397,0.028482768001293627,1146.1525393177021,2709.8067735830555
954,0.04386794574348555,0.7649603475044214,0.0032282194620901357,0.02844655137523541,1149.224989852267,2712.6011508330703
955,0.04386779325137937,0.7649757223128706,0.0032572407742188104,0.028410383787080086,1143.1015754636644,2715.380771750002
956,0.04386610603348183,0.7651458337542874,0.002824570050926236,0.028374225841016138,1130.9810515511062,2718.1798765830463
957,0.04386491282378621,0.7652661374930811,0.002036442893488194,0.028338122420068338,1114.8416736271524,2720.9553562500514
958,0.0438637078935879,0.7653876229355602,0.0012004126049895917,0.028302040294912515,1097.2208695884867,2723.733418417047
959,0.043862812415552434,0.7654779082861318,0.0002469459441987834,0.02826599989069055,1079.6777836654005,2726.623441374977
960,0.043862134635583416,0.765546244526318,0.0004960951130839031,0.028229990235388972,1063.6163034066078,2729.362981708022
961,0.04386162197623024,0.7655979327058068,0.0011814793557293664,0.028194007864310384,1049.9505631153686,2732.088242124999
962,0.04386137475909418,0.7656228580360914,0.0018755028550709232,0.028158061714497112,1039.1536220634998,2734.814574833028
963,0.04386130197756746,0.7656301961341735,0.002935866174136878,0.028122132895689995,1031.558574585007,2737.711878333008
964,0.04386281885016026,0.7654772595255812,0.004302353483741324,0.02808625152607352,1027.0777856249522,2740.467643000069
965,0.04386381539025523,0.7653767847308127,0.0062351508694591315,0.028050375112871354,1025.7716570791617,2743.3699977080105
966,0.04387305439500313,0.7644452746886234,0.007838394465004969,0.028014568783089937,1027.2041364904485,2746.1321759170387
967,0.04386716287117123,0.7650392795368689,0.008490048707402722,0.027978740094415522,1031.4293229485825,2748.992912458023
968,0.04387504811534068,0.7642442605570776,0.008066146817814021,0.02794299294488989,1037.7949155180047,2751.6833872920834
969,0.043860082734333145,0.7657531246689702,0.004680636206938483,0.027907214988608313,1046.3408820811683,2754.344116792083
970,0.043855706599503025,0.7661943424896622,0.0003304455245280284,0.027871494991894997,1056.3905269065388,2757.0191354170674
971,0.04385841154155821,0.7659216203992751,0.003042346048581781,0.02783579871475435,1067.6707499194954,2759.7359132079873
972,0.043860879888669616,0.765672752671135,0.005154433214324723,0.027800097351016566,1079.864087249182,2762.516888375045
973,0.043864802786376694,0.7652772318646914,0.006226391265579856,0.027764435888810918,1092.3530539281742,2765.257717625005
974,0.0438556658194533,0.7661984540825099,0.00422339000062612,0.02772875085250337,1104.9799786420665,2768.056131542078
975,0.04385219407728115,0.7665484877479848,0.0007282308375900342,0.027693127273237014,1116.7824072542273,2770.8508604170056
976,0.043853523889527624,0.7664144112434677,0.002178715685174208,0.02765753425976288,1127.4864208261872,2773.5558137079934
977,0.04385538522622156,0.7662267445120818,0.003820452952653276,0.027621953122262732,1136.778153359397,2776.2863357079914
978,0.0438558557378652,0.7661793058178743,0.005230780598746874,0.027586406656925595,1144.255451616125,2779.0079231670825
979,0.04385225654832232,0.7665421891905341,0.005552737882772139,0.027550843223330967,1150.162842757793,2781.765617917059
980,0.04385216203014264,0.76655171885698,0.004066775701139464,0.027515336419788684,1153.8874053861136,2784.452936041984
981,0.04384797439425818,0.7669739315287825,0.001002836082471285,0.027479828624570577,1156.2728770742413,2787.1534846670693
982,0.043851091882574675,0.7666596150247366,0.0037899371290721308,0.02744435772771791,1157.24547774155,2789.8503812500276
983,0.04385073494028664,0.7666956032436905,0.0024028898983800935,0.027408926173233972,1157.019193867005,2792.5395967500517
984,0.04384889595026574,0.7668810169022716,0.0024998033049944564,0.02737348867393908,1156.5182034006132,2795.218149375054
985,0.04384650415922582,0.7671221659690052,0.0010944882920674896,0.02733806189816137,1156.0264803244136,2797.8948185420595
986,0.04384834361643633,0.7669367052066697,0.0040459501255804145,0.027302706181135176,1155.3068228873788,2800.647192375036
987,0.04384719991721392,0.7670520171195857,0.004673931241677676,0.027267430758152172,1154.447299893948,2803.482181917061
988,0.04388949677055835,0.7627874946176021,0.020333692484887606,0.027232157853631374,1154.330432117074,2806.3184742500307
989,0.04419163246115303,0.7323250760376416,0.0245786198660382,0.02719693288146316,1154.9982644723693,2809.0556329999818
990,0.044118289544966174,0.7397197754469085,0.0035048502530586616,0.027161423071269133,1158.146288188918,2811.7069408330135
991,0.0442088912553963,0.7305849816668334,0.0321902712430981,0.027125962168309734,1162.21726691696,2814.5203442920465
992,0.044194140946594324,0.7320721614171805,0.022116621612480316,0.027090757523105812,1166.085290879066,2817.4359102080343
993,0.04413995808753364,0.7375350742207519,0.017209488420534037,0.027055374767986674,1172.4879989534782,2820.2935300000245
994,0.04416701446722948,0.7348071516706857,0.028298498315247552,0.02701989817057579,1181.3897324922686,2823.07357937505
995,0.044059647318049885,0.745632297927351,0.002807911152699407,0.0269846372573841,1191.4983905569416,2825.860691750073
996,0.044107415667067586,0.7408161193428654,0.015483870609974915,0.026949290001633593,1203.7338265127717,2828.64764304203
997,0.04402909075531811,0.7487131216541612,0.0006868405350978723,0.026913690140631247,1218.415568150086,2831.402952417033
998,0.0440792999706264,0.7436508460577819,0.017834828372048403,0.026878080238658827,1234.813268544576,2834.2321134579834
999,0.044026826201654906,0.74894144218607,0.007262926861670266,0.026842653204154632,1252.1755160835112,2836.9882019170327
1000,0.04404015988485664,0.747597091778131,0.012769455232944368,0.02680721296459058,1270.9827802584114,2839.6872079169843
